"N° DM","LIGNE","N°BL","Article","Quantité","CHANTIER","Date livraison","INTITULER","EE","RECEPTION"
"25-0047776","25-0047776/36/1","00116767","78824009","2","MONTEREAU","26/01/2026","CONSOLE U-180 L=10_04M  R26812","ETF",""
"25-0047783","25-0047783/44/1","00116767","08804913","28","MONTEREAU","26/01/2026","TUBE 38-4 L=1_500M   3575R3576","ETF",""
"25-0047783","25-0047783/1/1","00117554","78804047","11","MONTEREAU","29/01/2026","COSSE D'EXTREMITE     6603R306","ETF","02/04/2026"
"25-0047783","25-0047783/10/1","00117554","08806816","4","MONTEREAU","29/01/2026","DEMI-GRIFFE SERRAGE   6604R301","ETF","02/04/2026"
"25-0047783","25-0047783/11/1","00117554","08806819","24","MONTEREAU","29/01/2026","DEMI-GRIFFE SERRAGE   6604R304","ETF","02/04/2026"
"25-0047783","25-0047783/12/1","00117554","71674471","300","MONTEREAU","29/01/2026","ECROU HFR M10 INOX + REVET +CL","ETF","02/04/2026"
"25-0047783","25-0047783/13/1","00117554","71674602","200","MONTEREAU","29/01/2026","ECROU HFR M12 INOX + REVET +CL","ETF","02/04/2026"
"25-0047783","25-0047783/14/1","00117554","01679101","2","MONTEREAU","29/01/2026","ECROU HFR_ M14 INOX +REVET +CL","ETF","02/04/2026"
"25-0047783","25-0047783/15/1","00117554","08804392","38","MONTEREAU","29/01/2026","ETRIER DE 10-45-50      17R238","ETF","02/04/2026"
"25-0047783","25-0047783/16/1","00117554","08800738","56","MONTEREAU","29/01/2026","ETRIER DE 10-50-65      17R064","ETF","02/04/2026"
"25-0047783","25-0047783/17/1","00117554","08808267","28","MONTEREAU","29/01/2026","ETRIER DE 12-57-65      17R106","ETF","02/04/2026"
"25-0047783","25-0047783/19/1","00117554","08800578","28","MONTEREAU","29/01/2026","ISOLATEUR VERRE            355","ETF","02/04/2026"
"25-0047783","25-0047783/2/1","00117554","08800719","28","MONTEREAU","29/01/2026","CROCHET                 200211","ETF","02/04/2026"
"25-0047783","25-0047783/20/1","00117554","08800576","28","MONTEREAU","29/01/2026","ISOLATEUR VERRE A SEMELLE  350","ETF","02/04/2026"
"25-0047783","25-0047783/21/1","00117554","08804452","28","MONTEREAU","29/01/2026","MANCHON DE BLOCAGE      204158","ETF","02/04/2026"
"25-0047783","25-0047783/22/1","00117554","08801736","68","MONTEREAU","29/01/2026","MANCHON EXTREMITE 116_2 201370","ETF","02/04/2026"
"25-0047783","25-0047783/23/1","00117554","08827535","28","MONTEREAU","29/01/2026","PIECE D ATT.S/CONSOLE    32741","ETF","02/04/2026"
"25-0047783","25-0047783/24/1","00117554","08802646","28","MONTEREAU","29/01/2026","PIECE D'ALLONGEMENT     202389","ETF","02/04/2026"
"25-0047783","25-0047783/25/1","00117554","08804500","56","MONTEREAU","29/01/2026","PINCE POUR 1 FIL RAINURE  4000","ETF","02/04/2026"
"25-0047783","25-0047783/26/1","00117554","08804511","560","MONTEREAU","29/01/2026","PINCE POUR FIL 104MM2     4050","ETF","02/04/2026"
"25-0047783","25-0047783/27/1","00117554","78800005","12","MONTEREAU","29/01/2026","PLAQUE SUPPORT            7380","ETF","02/04/2026"
"25-0047783","25-0047783/28/1","00117554","78804068","12","MONTEREAU","29/01/2026","RACCORD DERIVATION    6603R607","ETF","02/04/2026"
"25-0047783","25-0047783/29/1","00117554","01680430","100","MONTEREAU","29/01/2026","RONDELLE PLATE EN PLOMB M 10 N","ETF","02/04/2026"
"25-0047783","25-0047783/3/1","00117554","08802801","30","MONTEREAU","29/01/2026","CROCHET A ROTULE 202390R202391","ETF","02/04/2026"
"25-0047783","25-0047783/30/1","00117554","01680156","200","MONTEREAU","29/01/2026","RONDELLE PLATE M14","ETF","02/04/2026"
"25-0047783","25-0047783/31/1","00117554","08804642","28","MONTEREAU","29/01/2026","SERRE-TUBE(38) A 2 TETONS 3785","ETF","02/04/2026"
"25-0047783","25-0047783/33/1","00117554","08838705","7","MONTEREAU","29/01/2026","TENDEUR A LANTERNE 10   208059","ETF","02/04/2026"
"25-0047783","25-0047783/34/1","00117554","08807972","34","MONTEREAU","29/01/2026","TENDEUR A LANTERNE DE 22  8422","ETF","02/04/2026"
"25-0047783","25-0047783/35/1","00117554","08804782","28","MONTEREAU","29/01/2026","TIGE DE REGLAGE      3840R3842","ETF","02/04/2026"
"25-0047783","25-0047783/36/1","00117554","08800202","40","MONTEREAU","29/01/2026","TIGE FILETEE 14-300/100  70R02","ETF","02/04/2026"
"25-0047783","25-0047783/37/1","00117554","08800204","40","MONTEREAU","29/01/2026","TIGE FILETEE 14-350/100  70R03","ETF","02/04/2026"
"25-0047783","25-0047783/38/1","00117554","08800208","36","MONTEREAU","29/01/2026","TIGE FILETEE 14-450/100  70R05","ETF","02/04/2026"
"25-0047783","25-0047783/39/1","00117554","08800220","112","MONTEREAU","29/01/2026","TIGE FILETEE 16-300/100  70R11","ETF","02/04/2026"
"25-0047783","25-0047783/4/1","00117554","08806825","28","MONTEREAU","29/01/2026","DEMI GRIFFE DE SERRAGE    6530","ETF","02/04/2026"
"25-0047783","25-0047783/40/1","00117554","08800243","96","MONTEREAU","29/01/2026","TIGE FILETEE 18-300/100  70R22","ETF","02/04/2026"
"25-0047783","25-0047783/41/1","00117554","08800246","4","MONTEREAU","29/01/2026","TIGE FILETEE 18-450/100  70R26","ETF","02/04/2026"
"25-0047783","25-0047783/42/1","00117554","08800270","36","MONTEREAU","29/01/2026","TIGE FILETEE 22-450/100  70R41","ETF","02/04/2026"
"25-0047783","25-0047783/43/1","00117554","08822850","4","MONTEREAU","29/01/2026","TRAVERSE                 27705","ETF","02/04/2026"
"25-0047783","25-0047783/45/1","00117554","01630686","100","MONTEREAU","29/01/2026","VIS H_ M10X45 - A4-80","ETF","02/04/2026"
"25-0047783","25-0047783/5/1","00117554","08823200","24","MONTEREAU","29/01/2026","DEMI-BRAS MOBILE         30395","ETF","02/04/2026"
"25-0047783","25-0047783/6/1","00117554","08806805","28","MONTEREAU","29/01/2026","DEMI-GRIFFE               6511","ETF","02/04/2026"
"25-0047783","25-0047783/7/1","00117554","08806812","2","MONTEREAU","29/01/2026","DEMI-GRIFFE CUIVRE    6604R406","ETF","02/04/2026"
"25-0047783","25-0047783/8/1","00117554","08806814","12","MONTEREAU","29/01/2026","DEMI-GRIFFE CUIVRE    6604R408","ETF","02/04/2026"
"25-0047783","25-0047783/9/1","00117554","08806901","14","MONTEREAU","29/01/2026","DEMI-GRIFFE PENDULEE      6645","ETF","02/04/2026"
"25-0047803","25-0047803/1/1","00117554","01630899","100","MONTEREAU","29/01/2026","VIS H_ M12X45 - A4-80","ETF","02/04/2026"
"25-0047803","25-0047803/2/1","00117554","71634094","50","MONTEREAU","29/01/2026","VIS H_ M12X35","ETF","02/04/2026"
"25-0047803","25-0047803/3/1","00117554","71634875","200","MONTEREAU","29/01/2026","VIS H_ M10X30 - A4-80","ETF","02/04/2026"
"25-0047803","25-0047803/4/1","00117554","71635901","200","MONTEREAU","29/01/2026","VIS H_ M10X35 - A4-80","ETF","02/04/2026"
"25-0047803","25-0047803/5/1","00117554","71636748","200","MONTEREAU","29/01/2026","VIS H_ M10X50 - A4-80","ETF","02/04/2026"
"25-0047776","25-0047776/1/1","00117555","08826701","28","MONTEREAU","29/01/2026","ANNEAU DOUBLE           232861","ETF","02/04/2026"
"25-0047776","25-0047776/10/1","00117555","01604584","25","MONTEREAU","29/01/2026","BOULON H_M14-45_2 ECRS H GALV","ETF","02/04/2026"
"25-0047776","25-0047776/11/1","00117555","01604599","50","MONTEREAU","29/01/2026","BOULON H_M14-50_2 ECROUS H GAL","ETF","02/04/2026"
"25-0047776","25-0047776/12/1","00117555","01604653","50","MONTEREAU","29/01/2026","BOULON H_M14-80_ECROU H","ETF","02/04/2026"
"25-0047776","25-0047776/13/1","00117555","01604663","25","MONTEREAU","29/01/2026","BOULON H_M14-90_2 ECRS H GALV","ETF","02/04/2026"
"25-0047776","25-0047776/14/1","00117555","01604885","20","MONTEREAU","29/01/2026","BOULON H_M16-80_ECROU H GALV","ETF","02/04/2026"
"25-0047776","25-0047776/15/1","00117555","01601784","25","MONTEREAU","29/01/2026","BOULON H_M18-100_ECROU H GALV.","ETF","02/04/2026"
"25-0047776","25-0047776/16/1","00117555","01601891","25","MONTEREAU","29/01/2026","BOULON H_M18-180/100_2 ECRS H","ETF","02/04/2026"
"25-0047776","25-0047776/17/1","00117555","01601642","75","MONTEREAU","29/01/2026","BOULON H_M18-50_2 ECROUS H GAL","ETF","02/04/2026"
"25-0047776","25-0047776/18/1","00117555","01605280","40","MONTEREAU","29/01/2026","BOULON H_M20-130_2 ECROUS H G","ETF","02/04/2026"
"25-0047776","25-0047776/19/1","00117555","01602035","560","MONTEREAU","29/01/2026","BOULON H_M20-70_2 ECRS H GALV.","ETF","02/04/2026"
"25-0047776","25-0047776/2/1","00117555","01757687","100","MONTEREAU","29/01/2026","AXE D'ARTICULATION TETE 12-40","ETF","02/04/2026"
"25-0047776","25-0047776/20/1","00117555","08804077","56","MONTEREAU","29/01/2026","BRAS DE RAPPEL   204795R204796","ETF","02/04/2026"
"25-0047776","25-0047776/21/1","00117555","08827850","38","MONTEREAU","29/01/2026","BRIDE DE SERRAGE         33960","ETF","02/04/2026"
"25-0047776","25-0047776/22/1","00117555","08827851","18","MONTEREAU","29/01/2026","BRIDE DE SERRAGE  REPERE 33963","ETF","02/04/2026"
"25-0047776","25-0047776/23/1","00117555","08806700","2","MONTEREAU","29/01/2026","CAVALIER CABLE 104_5MM2   6646","ETF","02/04/2026"
"25-0047776","25-0047776/24/1","00117555","08805178","13","MONTEREAU","29/01/2026","CAVALIER CABLE 13_5 A 15  5439","ETF","02/04/2026"
"25-0047776","25-0047776/25/1","00117555","08806701","12","MONTEREAU","29/01/2026","CAVALIER CABLE 147MM2     6647","ETF","02/04/2026"
"25-0047776","25-0047776/26/1","00117555","08805123","1","MONTEREAU","29/01/2026","CAVALIER PR FIL CU.104    5438","ETF","02/04/2026"
"25-0047776","25-0047776/3/1","00117555","01757703","30","MONTEREAU","29/01/2026","AXE D'ARTICULATION TETE 16-50","ETF","02/04/2026"
"25-0047776","25-0047776/38/1","00117555","08800065","48","MONTEREAU","29/01/2026","CORNIERE 80X80X8  L470MM 18R46","ETF","02/04/2026"
"25-0047776","25-0047776/39/1","00117555","08800066","28","MONTEREAU","29/01/2026","CORNIERE 80X80X8  L480MM 18R47","ETF","02/04/2026"
"25-0047776","25-0047776/4/1","00117555","01758161","40","MONTEREAU","29/01/2026","AXE D'ARTICULATION TETE 20-60","ETF","02/04/2026"
"25-0047776","25-0047776/42/1","00117555","08822795","4","MONTEREAU","29/01/2026","CORPS DE CONSOLE 0_600M  27650","ETF","02/04/2026"
"25-0047776","25-0047776/43/1","00117555","08806767","6","MONTEREAU","29/01/2026","COSSE A PLAGE DEPORTEE    6787","ETF","02/04/2026"
"25-0047776","25-0047776/45/1","00117555","08806771","4","MONTEREAU","29/01/2026","COSSE DERIVAT (BAR. CU25) 1022","ETF","02/04/2026"
"25-0047776","25-0047776/47/1","00117555","78804045","2","MONTEREAU","29/01/2026","COSSE D'EXTREMITE     6603R304","ETF","02/04/2026"
"25-0047776","25-0047776/48/1","00117555","01932935","100","MONTEREAU","29/01/2026","COLLIER HOP INOX9 20-35","ETF","02/04/2026"
"25-0047776","25-0047776/5/1","00117555","01758180","210","MONTEREAU","29/01/2026","AXE D'ARTICULATION TETE 20-70","ETF","02/04/2026"
"25-0047776","25-0047776/7/1","00117555","01604698","20","MONTEREAU","29/01/2026","BOULON H_M14-130_2 ECRS H GALV","ETF","02/04/2026"
"25-0047776","25-0047776/8/1","00117555","01604709","20","MONTEREAU","29/01/2026","BOULON H_M14-140_2 ECRS H GALV","ETF","02/04/2026"
"25-0047776","25-0047776/9/1","00117555","01604573","25","MONTEREAU","29/01/2026","BOULON H_M14-40_2 ECROUS GALV","ETF","02/04/2026"
"25-0047776","25-0047776/6/1","00118404","08413868","60","MONTEREAU","04/02/2026","BARRE RONDE D=25MM SECT 490MM2","ETF",""
"25-0047776","25-0047776/37/1","00119647","08800052","34","MONTEREAU","12/02/2026","CORNIERE 60X60X6  L400MM 18R03","ETF","16/02/2026"
"25-0047776","25-0047776/44/1","00120928","79520830","20","MONTEREAU","18/02/2026","COSSE BIMETAL CU/AL DE 95-12_5","ETF","25/02/2026"
"25-0047783","25-0047783/32/1","00121169","08821180","1","MONTEREAU","19/02/2026","SUPPORT DE PLAQUE       223429","ETF","25/02/2026"
"26-0006439","26-0006439/1/1","00122769","78801012","10","LUC","04/03/2026","ETRIER  ""L = 0_395M""      5005","LUC",""
"26-0006439","26-0006439/10/1","00122769","78801021","10","LUC","04/03/2026","ETRIER  ""L = 0_450M""      5005","LUC",""
"26-0006439","26-0006439/2/1","00122769","78801013","10","LUC","04/03/2026","ETRIER  ""L = 0_400M""      5005","LUC",""
"26-0006439","26-0006439/3/1","00122769","78801014","10","LUC","04/03/2026","ETRIER  ""L = 0_410M""      5005","LUC",""
"26-0006439","26-0006439/4/1","00122769","78801015","10","LUC","04/03/2026","ETRIER  ""L = 0_415M""      5005","LUC",""
"26-0006439","26-0006439/5/1","00122769","78801016","10","LUC","04/03/2026","ETRIER  ""L = 0_420M""      5005","LUC",""
"26-0006439","26-0006439/6/1","00122769","78801017","10","LUC","04/03/2026","ETRIER  ""L = 0_425M""      5005","LUC",""
"26-0006439","26-0006439/7/1","00122769","78801018","10","LUC","04/03/2026","ETRIER  ""L = 0_430M""      5005","LUC",""
"26-0006439","26-0006439/8/1","00122769","78801019","10","LUC","04/03/2026","ETRIER  ""L = 0_435M""      5005","LUC",""
"26-0006439","26-0006439/9/1","00122769","78801020","10","LUC","04/03/2026","ETRIER  ""L = 0_445M""      5005","LUC",""
"25-0047783","25-0047783/18/1","00122772","08800606","19","MONTEREAU","03/03/2026","ISOLATEUR CERAMI. SUPPORT  400","ETF","10/03/2026"
"26-0006445","26-0006445/1/1","00124513","08805300","100","LUC","13/03/2026","ETRIER  ""L = 0_200M""      5005","LUC",""
"26-0006445","26-0006445/10/1","00124513","08805323","10","LUC","13/03/2026","ETRIER  ""L = 0_195M""      5005","LUC",""
"26-0006445","26-0006445/11/1","00124513","08805325","10","LUC","13/03/2026","ETRIER  ""L = 0_205M""      5005","LUC",""
"26-0006445","26-0006445/12/1","00124513","08805326","10","LUC","13/03/2026","ETRIER  ""L = 0_210M""      5005","LUC",""
"26-0006445","26-0006445/13/1","00124513","08805327","10","LUC","13/03/2026","ETRIER  ""L = 0_215M""      5005","LUC",""
"26-0006445","26-0006445/14/1","00124513","08805328","10","LUC","13/03/2026","ETRIER  ""L = 0_220M""      5005","LUC",""
"26-0006445","26-0006445/15/1","00124513","08805329","10","LUC","13/03/2026","ETRIER  ""L = 0_225M""      5005","LUC",""
"26-0006445","26-0006445/16/1","00124513","08805330","10","LUC","13/03/2026","ETRIER  ""L = 0_230M""      5005","LUC",""
"26-0006445","26-0006445/17/1","00124513","08805331","10","LUC","13/03/2026","ETRIER  ""L = 0_235M""      5005","LUC",""
"26-0006445","26-0006445/18/1","00124513","08805332","10","LUC","13/03/2026","ETRIER  ""L = 0_240M""      5005","LUC",""
"26-0006445","26-0006445/19/1","00124513","08805333","10","LUC","13/03/2026","ETRIER  ""L = 0_245M""      5005","LUC",""
"26-0006445","26-0006445/2/1","00124513","08805315","10","LUC","13/03/2026","ETRIER  ""L = 0_155M""      5005","LUC",""
"26-0006445","26-0006445/20/1","00124513","08805334","10","LUC","13/03/2026","ETRIER  ""L = 0_250M""      5005","LUC",""
"26-0006445","26-0006445/21/1","00124513","08805335","10","LUC","13/03/2026","ETRIER  ""L = 0_255M""      5005","LUC",""
"26-0006445","26-0006445/22/1","00124513","08805336","10","LUC","13/03/2026","ETRIER  ""L = 0_260M""      5005","LUC",""
"26-0006445","26-0006445/23/1","00124513","08805337","10","LUC","13/03/2026","ETRIER  ""L = 0_265M""      5005","LUC",""
"26-0006445","26-0006445/24/1","00124513","08805338","10","LUC","13/03/2026","ETRIER  ""L = 0_270M""      5005","LUC",""
"26-0006445","26-0006445/25/1","00124513","08805339","10","LUC","13/03/2026","ETRIER  ""L = 0_275M""      5005","LUC",""
"26-0006445","26-0006445/26/1","00124513","08805340","10","LUC","13/03/2026","ETRIER  ""L = 0_280M""      5005","LUC",""
"26-0006445","26-0006445/27/1","00124513","08805341","10","LUC","13/03/2026","ETRIER  ""L = 0_285M""      5005","LUC",""
"26-0006445","26-0006445/28/1","00124513","08805342","10","LUC","13/03/2026","ETRIER  ""L = 0_290M""      5005","LUC",""
"26-0006445","26-0006445/29/1","00124513","08805343","10","LUC","13/03/2026","ETRIER  ""L = 0_295M""      5005","LUC",""
"26-0006445","26-0006445/3/1","00124513","08805316","10","LUC","13/03/2026","ETRIER  ""L = 0_160M""      5005","LUC",""
"26-0006445","26-0006445/30/1","00124513","08805344","10","LUC","13/03/2026","ETRIER  ""L = 0_300M""      5005","LUC",""
"26-0006445","26-0006445/31/1","00124513","08805345","10","LUC","13/03/2026","ETRIER  ""L = 0_305M""      5005","LUC",""
"26-0006445","26-0006445/32/1","00124513","08805346","10","LUC","13/03/2026","ETRIER  ""L = 0_310M""      5005","LUC",""
"26-0006445","26-0006445/33/1","00124513","08805347","10","LUC","13/03/2026","ETRIER  ""L = 0_325M""      5005","LUC",""
"26-0006445","26-0006445/34/1","00124513","08805348","10","LUC","13/03/2026","ETRIER  ""L = 0_350M""      5005","LUC",""
"26-0006445","26-0006445/35/1","00124513","08805349","10","LUC","13/03/2026","ETRIER  ""L = 0_405M""      5005","LUC",""
"26-0006445","26-0006445/36/1","00124513","08805350","10","LUC","13/03/2026","ETRIER  ""L = 0_465M""      5005","LUC",""
"26-0006445","26-0006445/37/1","00124513","78800998","10","LUC","13/03/2026","ETRIER  ""L = 0_315M""      5005","LUC",""
"26-0006445","26-0006445/38/1","00124513","78800999","10","LUC","13/03/2026","ETRIER  ""L = 0_335M""      5005","LUC",""
"26-0006445","26-0006445/39/1","00124513","78801000","10","LUC","13/03/2026","ETRIER  ""L = 0_320M""      5005","LUC",""
"26-0006445","26-0006445/4/1","00124513","08805317","10","LUC","13/03/2026","ETRIER  ""L = 0_165M""      5005","LUC",""
"26-0006445","26-0006445/40/1","00124513","78801001","10","LUC","13/03/2026","ETRIER  ""L = 0_330M""      5005","LUC",""
"26-0006445","26-0006445/41/1","00124513","78801002","10","LUC","13/03/2026","ETRIER  ""L = 0_340M""      5005","LUC",""
"26-0006445","26-0006445/42/1","00124513","78801003","10","LUC","13/03/2026","ETRIER  ""L = 0_345M""      5005","LUC",""
"26-0006445","26-0006445/43/1","00124513","78801004","10","LUC","13/03/2026","ETRIER  ""L = 0_355M""      5005","LUC",""
"26-0006445","26-0006445/44/1","00124513","78801005","10","LUC","13/03/2026","ETRIER  ""L = 0_360M""      5005","LUC",""
"26-0006445","26-0006445/45/1","00124513","78801006","10","LUC","13/03/2026","ETRIER  ""L = 0_365M""      5005","LUC",""
"26-0006445","26-0006445/46/1","00124513","78801007","10","LUC","13/03/2026","ETRIER  ""L = 0_370M""      5005","LUC",""
"26-0006445","26-0006445/47/1","00124513","78801008","10","LUC","13/03/2026","ETRIER  ""L = 0_375M""      5005","LUC",""
"26-0006445","26-0006445/48/1","00124513","78801009","10","LUC","13/03/2026","ETRIER  ""L = 0_380M""      5005","LUC",""
"26-0006445","26-0006445/49/1","00124513","78801010","10","LUC","13/03/2026","ETRIER  ""L = 0_385M""      5005","LUC",""
"26-0006445","26-0006445/5/1","00124513","08805318","10","LUC","13/03/2026","ETRIER  ""L = 0_170M""      5005","LUC",""
"26-0006445","26-0006445/50/1","00124513","78801011","10","LUC","13/03/2026","ETRIER  ""L = 0_390M""      5005","LUC",""
"26-0006445","26-0006445/6/1","00124513","08805319","10","LUC","13/03/2026","ETRIER  ""L = 0_175M""      5005","LUC",""
"26-0006445","26-0006445/7/1","00124513","08805320","10","LUC","13/03/2026","ETRIER  ""L = 0_180M""      5005","LUC",""
"26-0006445","26-0006445/8/1","00124513","08805321","10","LUC","13/03/2026","ETRIER  ""L = 0_185M""      5005","LUC",""
"26-0006445","26-0006445/9/1","00124513","08805322","10","LUC","13/03/2026","ETRIER  ""L = 0_190M""      5005","LUC",""
"25-0047726","25-0047726/22/1","00124696","08820930","16","QUINCY","16/03/2026","CORNIERE DE FIXATION     22835","ETF","19/03/2026"
"26-0008637","26-0008637/1/1","00124697","01602035","20","BETZ","16/03/2026","BOULON H_M20-70_2 ECRS H GALV.","TSO",""
"26-0008637","26-0008637/10/1","00124697","01680156","200","BETZ","16/03/2026","RONDELLE PLATE M14","TSO",""
"26-0008637","26-0008637/11/1","00124697","01758367","10","BETZ","16/03/2026","AXE D'ARTICULATION TETE 24-70","TSO",""
"26-0008637","26-0008637/12/1","00124697","01932935","100","BETZ","16/03/2026","COLLIER HOP INOX9 20-35","TSO",""
"26-0008637","26-0008637/18/1","00124697","08800052","2","BETZ","16/03/2026","CORNIERE 60X60X6  L400MM 18R03","TSO",""
"26-0008637","26-0008637/19/1","00124697","08800200","30","BETZ","16/03/2026","TIGE FILETEE 14-250/250  70R01","TSO",""
"26-0008637","26-0008637/2/1","00124697","01602769","10","BETZ","16/03/2026","BOULON H_M24-80_ECROU H GALV.","TSO",""
"26-0008637","26-0008637/20/1","00124697","08800208","4","BETZ","16/03/2026","TIGE FILETEE 14-450/100  70R05","TSO",""
"26-0008637","26-0008637/21/1","00124697","08800606","11","BETZ","16/03/2026","ISOLATEUR CERAMI. SUPPORT  400","TSO",""
"26-0008637","26-0008637/22/1","00124697","08801905","4","BETZ","16/03/2026","PINCE D'ANCRAGE           1754","TSO",""
"26-0008637","26-0008637/23/1","00124697","08804392","52","BETZ","16/03/2026","ETRIER DE 10-45-50      17R238","TSO",""
"26-0008637","26-0008637/24/1","00124697","08805123","2","BETZ","16/03/2026","CAVALIER PR FIL CU.104    5438","TSO",""
"26-0008637","26-0008637/25/1","00124697","08805178","2","BETZ","16/03/2026","CAVALIER CABLE 13_5 A 15  5439","TSO",""
"26-0008637","26-0008637/26/1","00124697","08806700","4","BETZ","16/03/2026","CAVALIER CABLE 104_5MM2   6646","TSO",""
"26-0008637","26-0008637/27/1","00124697","08806767","4","BETZ","16/03/2026","COSSE A PLAGE DEPORTEE    6787","TSO",""
"26-0008637","26-0008637/28/1","00124697","08806769","6","BETZ","16/03/2026","RACCORD DROIT (BAR. CU25)  942","TSO",""
"26-0008637","26-0008637/29/1","00124697","08806805","8","BETZ","16/03/2026","DEMI-GRIFFE               6511","TSO",""
"26-0008637","26-0008637/3/1","00124697","01604573","75","BETZ","16/03/2026","BOULON H_M14-40_2 ECROUS GALV","TSO",""
"26-0008637","26-0008637/30/1","00124697","08806812","4","BETZ","16/03/2026","DEMI-GRIFFE CUIVRE    6604R406","TSO",""
"26-0008637","26-0008637/31/1","00124697","08806816","8","BETZ","16/03/2026","DEMI-GRIFFE SERRAGE   6604R301","TSO",""
"26-0008637","26-0008637/32/1","00124697","08806825","8","BETZ","16/03/2026","DEMI GRIFFE DE SERRAGE    6530","TSO",""
"26-0008637","26-0008637/33/1","00124697","08806901","4","BETZ","16/03/2026","DEMI-GRIFFE PENDULEE      6645","TSO",""
"26-0008637","26-0008637/34/1","00124697","08807977","2","BETZ","16/03/2026","TENDEUR A LANTERNE DE 27  8427","TSO",""
"26-0008637","26-0008637/35/1","00124697","08820910","10","BETZ","16/03/2026","ATTACHE FIXE            222753","TSO",""
"26-0008637","26-0008637/36/1","00124697","08825932","4","BETZ","16/03/2026","PLAT COUDE L=0_18 REPEEE 32683","TSO",""
"26-0008637","26-0008637/37/1","00124697","08827850","12","BETZ","16/03/2026","BRIDE DE SERRAGE         33960","TSO",""
"26-0008637","26-0008637/38/1","00124697","08838705","2","BETZ","16/03/2026","TENDEUR A LANTERNE 10   208059","TSO",""
"26-0008637","26-0008637/39/1","00124697","71634875","200","BETZ","16/03/2026","VIS H_ M10X30 - A4-80","TSO",""
"26-0008637","26-0008637/4/1","00124697","01604653","25","BETZ","16/03/2026","BOULON H_M14-80_ECROU H","TSO",""
"26-0008637","26-0008637/40/1","00124697","71635901","200","BETZ","16/03/2026","VIS H_ M10X35 - A4-80","TSO",""
"26-0008637","26-0008637/41/1","00124697","71674471","200","BETZ","16/03/2026","ECROU HFR M10 INOX + REVET +CL","TSO",""
"26-0008637","26-0008637/42/1","00124697","71674602","100","BETZ","16/03/2026","ECROU HFR M12 INOX + REVET +CL","TSO",""
"26-0008637","26-0008637/43/1","00124697","78800005","6","BETZ","16/03/2026","PLAQUE SUPPORT            7380","TSO",""
"26-0008637","26-0008637/45/1","00124697","78804047","2","BETZ","16/03/2026","COSSE D'EXTREMITE     6603R306","TSO",""
"26-0008637","26-0008637/46/1","00124697","78804068","2","BETZ","16/03/2026","RACCORD DERIVATION    6603R607","TSO",""
"26-0008637","26-0008637/5/1","00124697","01604729","20","BETZ","16/03/2026","BOULON H_M14-180/100_2 E.H G","TSO",""
"26-0008637","26-0008637/6/1","00124697","01630686","100","BETZ","16/03/2026","VIS H_ M10X45 - A4-80","TSO",""
"26-0008637","26-0008637/7/1","00124697","01630890","100","BETZ","16/03/2026","VIS H_ M12X40 - A4-80","TSO",""
"26-0008637","26-0008637/8/1","00124697","01630899","100","BETZ","16/03/2026","VIS H_ M12X45 - A4-80","TSO",""
"26-0008637","26-0008637/9/1","00124697","01679101","1","BETZ","16/03/2026","ECROU HFR_ M14 INOX +REVET +CL","TSO",""
"26-0008653","26-0008653/1/1","00124698","01602035","20","GARENNE","16/03/2026","BOULON H_M20-70_2 ECRS H GALV.","TSO",""
"26-0008653","26-0008653/10/1","00124698","01680156","200","GARENNE","16/03/2026","RONDELLE PLATE M14","TSO",""
"26-0008653","26-0008653/11/1","00124698","01758367","10","GARENNE","16/03/2026","AXE D'ARTICULATION TETE 24-70","TSO",""
"26-0008653","26-0008653/12/1","00124698","01932935","100","GARENNE","16/03/2026","COLLIER HOP INOX9 20-35","TSO",""
"26-0008653","26-0008653/18/1","00124698","08800052","2","GARENNE","16/03/2026","CORNIERE 60X60X6  L400MM 18R03","TSO",""
"26-0008653","26-0008653/19/1","00124698","08800200","30","GARENNE","16/03/2026","TIGE FILETEE 14-250/250  70R01","TSO",""
"26-0008653","26-0008653/2/1","00124698","01602769","10","GARENNE","16/03/2026","BOULON H_M24-80_ECROU H GALV.","TSO",""
"26-0008653","26-0008653/20/1","00124698","08800208","4","GARENNE","16/03/2026","TIGE FILETEE 14-450/100  70R05","TSO",""
"26-0008653","26-0008653/21/1","00124698","08800606","11","GARENNE","16/03/2026","ISOLATEUR CERAMI. SUPPORT  400","TSO",""
"26-0008653","26-0008653/22/1","00124698","08801905","4","GARENNE","16/03/2026","PINCE D'ANCRAGE           1754","TSO",""
"26-0008653","26-0008653/23/1","00124698","08804392","52","GARENNE","16/03/2026","ETRIER DE 10-45-50      17R238","TSO",""
"26-0008653","26-0008653/24/1","00124698","08805123","2","GARENNE","16/03/2026","CAVALIER PR FIL CU.104    5438","TSO",""
"26-0008653","26-0008653/25/1","00124698","08805178","2","GARENNE","16/03/2026","CAVALIER CABLE 13_5 A 15  5439","TSO",""
"26-0008653","26-0008653/26/1","00124698","08806700","4","GARENNE","16/03/2026","CAVALIER CABLE 104_5MM2   6646","TSO",""
"26-0008653","26-0008653/27/1","00124698","08806767","4","GARENNE","16/03/2026","COSSE A PLAGE DEPORTEE    6787","TSO",""
"26-0008653","26-0008653/28/1","00124698","08806769","6","GARENNE","16/03/2026","RACCORD DROIT (BAR. CU25)  942","TSO",""
"26-0008653","26-0008653/29/1","00124698","08806805","8","GARENNE","16/03/2026","DEMI-GRIFFE               6511","TSO",""
"26-0008653","26-0008653/3/1","00124698","01604573","75","GARENNE","16/03/2026","BOULON H_M14-40_2 ECROUS GALV","TSO",""
"26-0008653","26-0008653/30/1","00124698","08806812","4","GARENNE","16/03/2026","DEMI-GRIFFE CUIVRE    6604R406","TSO",""
"26-0008653","26-0008653/31/1","00124698","08806816","8","GARENNE","16/03/2026","DEMI-GRIFFE SERRAGE   6604R301","TSO",""
"26-0008653","26-0008653/32/1","00124698","08806825","8","GARENNE","16/03/2026","DEMI GRIFFE DE SERRAGE    6530","TSO",""
"26-0008653","26-0008653/33/1","00124698","08806901","4","GARENNE","16/03/2026","DEMI-GRIFFE PENDULEE      6645","TSO",""
"26-0008653","26-0008653/34/1","00124698","08807977","2","GARENNE","16/03/2026","TENDEUR A LANTERNE DE 27  8427","TSO",""
"26-0008653","26-0008653/35/1","00124698","08820910","10","GARENNE","16/03/2026","ATTACHE FIXE            222753","TSO",""
"26-0008653","26-0008653/36/1","00124698","08825932","4","GARENNE","16/03/2026","PLAT COUDE L=0_18 REPEEE 32683","TSO",""
"26-0008653","26-0008653/37/1","00124698","08827850","12","GARENNE","16/03/2026","BRIDE DE SERRAGE         33960","TSO",""
"26-0008653","26-0008653/38/1","00124698","08838705","2","GARENNE","16/03/2026","TENDEUR A LANTERNE 10   208059","TSO",""
"26-0008653","26-0008653/39/1","00124698","71634875","200","GARENNE","16/03/2026","VIS H_ M10X30 - A4-80","TSO",""
"26-0008653","26-0008653/4/1","00124698","01604653","25","GARENNE","16/03/2026","BOULON H_M14-80_ECROU H","TSO",""
"26-0008653","26-0008653/40/1","00124698","71635901","200","GARENNE","16/03/2026","VIS H_ M10X35 - A4-80","TSO",""
"26-0008653","26-0008653/41/1","00124698","71674471","200","GARENNE","16/03/2026","ECROU HFR M10 INOX + REVET +CL","TSO",""
"26-0008653","26-0008653/42/1","00124698","71674602","100","GARENNE","16/03/2026","ECROU HFR M12 INOX + REVET +CL","TSO",""
"26-0008653","26-0008653/43/1","00124698","78800005","6","GARENNE","16/03/2026","PLAQUE SUPPORT            7380","TSO",""
"26-0008653","26-0008653/45/1","00124698","78804047","2","GARENNE","16/03/2026","COSSE D'EXTREMITE     6603R306","TSO",""
"26-0008653","26-0008653/46/1","00124698","78804068","2","GARENNE","16/03/2026","RACCORD DERIVATION    6603R607","TSO",""
"26-0008653","26-0008653/5/1","00124698","01604729","20","GARENNE","16/03/2026","BOULON H_M14-180/100_2 E.H G","TSO",""
"26-0008653","26-0008653/6/1","00124698","01630686","100","GARENNE","16/03/2026","VIS H_ M10X45 - A4-80","TSO",""
"26-0008653","26-0008653/7/1","00124698","01630890","100","GARENNE","16/03/2026","VIS H_ M12X40 - A4-80","TSO",""
"26-0008653","26-0008653/8/1","00124698","01630899","100","GARENNE","16/03/2026","VIS H_ M12X45 - A4-80","TSO",""
"26-0008653","26-0008653/9/1","00124698","01679101","1","GARENNE","16/03/2026","ECROU HFR_ M14 INOX +REVET +CL","TSO",""
"26-0008637","26-0008637/15/1","00124871","08413868","24","BETZ","16/03/2026","BARRE RONDE D=25MM SECT 490MM2","TSO",""
"26-0008653","26-0008653/15/1","00124871","08413868","24","GARENNE","16/03/2026","BARRE RONDE D=25MM SECT 490MM2","TSO",""
"25-0047776","25-0047776/40/1","00125011 / 00131744","08820930","136","MONTEREAU","17/03/2026","CORNIERE DE FIXATION     22835","ETF","19/03/2026 & 19/05/2026"
"25-0047776","25-0047776/46/1","00125631","78804042","43","MONTEREAU","20/03/2026","COSSE D'EXTREMITE     6603R301","ETF","24/03/2026"
"26-0008637","26-0008637/44/1","00125632","78804042","12","BETZ","19/03/2026","COSSE D'EXTREMITE     6603R301","TSO",""
"26-0008653","26-0008653/44/1","00125632","78804042","12","GARENNE","19/03/2026","COSSE D'EXTREMITE     6603R301","TSO",""
"25-0047776","25-0047776/41/1","00129631","08823256","12","MONTEREAU","15/04/2026","CORPS DE CHAISE L=1_40M  30213","ETF","16/04/2026"
"26-0004342","26-0004342/5/1","00129842","08822583","1","SAMOIS","16/04/2026","CONSOLE U 140 L=11_24M  R26516","HP-ELECT",""
"26-0013625","26-0013625/1/1","00129969","01601978","80","BETZ","17/04/2026","BOULON H_M20-50_2 ECRS H GALV.","TSO",""
"26-0013625","26-0013625/10/1","00129969","08820964","2","BETZ","17/04/2026","PIECE D'ATTACHE          22798","TSO",""
"26-0013625","26-0013625/2/1","00129969","01604599","50","BETZ","17/04/2026","BOULON H_M14-50_2 ECROUS H GAL","TSO",""
"26-0013625","26-0013625/3/1","00129969","01630899","100","BETZ","17/04/2026","VIS H_ M12X45 - A4-80","TSO",""
"26-0013625","26-0013625/6/1","00129969","08800202","40","BETZ","17/04/2026","TIGE FILETEE 14-300/100  70R02","TSO",""
"26-0013625","26-0013625/7/1","00129969","08800254","10","BETZ","17/04/2026","TIGE FILETEE 20-400/400  70R32","TSO",""
"26-0013625","26-0013625/8/1","00129969","08800256","10","BETZ","17/04/2026","TIGE FILETEE 20-450/100  70R33","TSO",""
"26-0014273","26-0014273/1/1","00130138","01601700","25","GRIPOY","20/04/2026","BOULON H_M18-65_ECROU H GALV","ETF","22/04/2026"
"26-0014273","26-0014273/10/1","00130138","08815680","4","GRIPOY","20/04/2026","ETRIER DE 10-35-45      17R043","ETF","22/04/2026"
"26-0014273","26-0014273/11/1","00130138","08815775","2","GRIPOY","20/04/2026","PINCE DE SUSPENSION     215624","ETF","22/04/2026"
"26-0014273","26-0014273/12/1","00130138","08845751","1","GRIPOY","20/04/2026","FERRURE                 215687","ETF","22/04/2026"
"26-0014273","26-0014273/13/1","00130138","08846100","2","GRIPOY","20/04/2026","TIGE                    215630","ETF","22/04/2026"
"26-0014273","26-0014273/15/1","00130138","08855020","10","GRIPOY","20/04/2026","BOUCHON D'EXTREMITE     230126","ETF","22/04/2026"
"26-0014273","26-0014273/17/1","00130138","08855242","20","GRIPOY","20/04/2026","ETRIER COUD.14-120-140  230121","ETF","22/04/2026"
"26-0014273","26-0014273/19/1","00130138","71674602","100","GRIPOY","20/04/2026","ECROU HFR M12 INOX + REVET +CL","ETF","22/04/2026"
"26-0014273","26-0014273/2/1","00130138","01604698","20","GRIPOY","20/04/2026","BOULON H_M14-130_2 ECRS H GALV","ETF","22/04/2026"
"26-0014273","26-0014273/20/1","00130138","78804020","6","GRIPOY","20/04/2026","DEMI-GRIFFE               6864","ETF","22/04/2026"
"26-0014273","26-0014273/21/1","00130138","01630899","100","GRIPOY","20/04/2026","VIS H_ M12X45 - A4-80","ETF","22/04/2026"
"26-0014273","26-0014273/22/1","00130138","01630967","25","GRIPOY","20/04/2026","VIS H_ M12X100 - A4-80","ETF","22/04/2026"
"26-0014273","26-0014273/4/1","00130138","08800080","4","GRIPOY","20/04/2026","CORNIERE100X100X10 L150MM18R71","ETF","22/04/2026"
"26-0014273","26-0014273/5/1","00130138","08800082","16","GRIPOY","20/04/2026","CORNIERE100X100X10 L520MM18R73","ETF","22/04/2026"
"26-0014273","26-0014273/6/1","00130138","08800208","2","GRIPOY","20/04/2026","TIGE FILETEE 14-450/100  70R05","ETF","22/04/2026"
"26-0014273","26-0014273/7/1","00130138","08800246","40","GRIPOY","20/04/2026","TIGE FILETEE 18-450/100  70R26","ETF","22/04/2026"
"26-0014273","26-0014273/8/1","00130138","08800262","4","GRIPOY","20/04/2026","TIGE FILETEE 20-700/300  70R70","ETF","22/04/2026"
"26-0014273","26-0014273/9/1","00130138","08815595","2","GRIPOY","20/04/2026","CHAPEAU                 215622","ETF","22/04/2026"
"26-0014267","26-0014267/1/1","00130440","08855092","1","GRIPOY","21/04/2026","CHANDELLE L=3_25M   230115R103","ETF","24/04/2026"
"26-0014273","26-0014273/16/1","00130440","08855093","1","GRIPOY","21/04/2026","CHANDELLE L=3_55M   230115R104","ETF","24/04/2026"
"26-0004342","26-0004342/4/1","00130441","08821815","1","SAMOIS","21/04/2026","CONSOLE DROITE L=9_10M   25730","HP-ELECT",""
"26-0004331","26-0004331/7/1","00130682","08413868","6","SAMOIS","22/04/2026","BARRE RONDE D=25MM SECT 490MM2","HP-ELECT",""
"26-0004331","26-0004331/9/1","00130682","08413908","8","SAMOIS","22/04/2026","BARRE 25X 3_15MM SECT 78_75MM2","HP-ELECT",""
"26-0000288","26-0000288/2/1","00130683","78824007","4","MONTEREAU","22/04/2026","CONSOLE U-160 L=10_04M  R26807","ETF",""
"26-0004334","26-0004334/38/1","00130805","08824056","2","SAMOIS","23/04/2026","CONTREPLAQUE L=0_45M REP.31222","HP-ELECT",""
"26-0004336","26-0004336/1/1","00130805","08804913","7","SAMOIS","23/04/2026","TUBE 38-4 L=1_500M   3575R3576","HP-ELECT",""
"26-0004336","26-0004336/2/1","00130805","08804978","1","SAMOIS","23/04/2026","TUBE 49-4_5 L1=3_35M 4905R4909","HP-ELECT",""
"26-0004336","26-0004336/30/1","00130805","08807550","1","SAMOIS","23/04/2026","APPAREIL TENDEUR AUT.     7710","HP-ELECT",""
"26-0004336","26-0004336/37/1","00130805","08807714","1","SAMOIS","23/04/2026","TIGE A TENON L=1_67M  7768R105","HP-ELECT",""
"26-0005544","26-0005544/1/1","00130895","08800622","20","QUINCY","23/04/2026","ISOLATEUR PERMAGLAS     200461","ETF",""
"26-0004331","26-0004331/1/1","00130897","01758367","10","SAMOIS","24/04/2026","AXE D'ARTICULATION TETE 24-70","HP-ELECT",""
"26-0004331","26-0004331/13/1","00130897","08800051","2","SAMOIS","24/04/2026","CORNIERE 60X60X6  L305MM 18R02","HP-ELECT",""
"26-0004331","26-0004331/14/1","00130897","08800052","6","SAMOIS","24/04/2026","CORNIERE 60X60X6  L400MM 18R03","HP-ELECT",""
"26-0004331","26-0004331/15/1","00130897","08800061","4","SAMOIS","24/04/2026","CORNIERE 80X80X8  L235MM 18R42","HP-ELECT",""
"26-0004331","26-0004331/16/1","00130897","08800064","18","SAMOIS","24/04/2026","CORNIERE 80X80X8  L400MM 18R45","HP-ELECT",""
"26-0004331","26-0004331/17/1","00130897","08800065","16","SAMOIS","24/04/2026","CORNIERE 80X80X8  L470MM 18R46","HP-ELECT",""
"26-0004331","26-0004331/19/1","00130897","08800067","12","SAMOIS","24/04/2026","CORNIERE 80X80X8  L510MM 18R48","HP-ELECT",""
"26-0004331","26-0004331/2/1","00130897","01932935","100","SAMOIS","24/04/2026","COLLIER HOP INOX9 20-35","HP-ELECT",""
"26-0004331","26-0004331/20/1","00130897","08800069","9","SAMOIS","24/04/2026","CORNIERE 80X80X8  L740MM 18R50","HP-ELECT",""
"26-0004331","26-0004331/21/1","00130897","08800082","4","SAMOIS","24/04/2026","CORNIERE100X100X10 L520MM18R73","HP-ELECT",""
"26-0004331","26-0004331/22/1","00130897","08800083","2","SAMOIS","24/04/2026","CORNIERE100X100X10 L660MM18R74","HP-ELECT",""
"26-0004331","26-0004331/23/1","00130897","08800086","2","SAMOIS","24/04/2026","CORNIERE100X100X10 L980MM18R77","HP-ELECT",""
"26-0004331","26-0004331/24/1","00130897","08800200","300","SAMOIS","24/04/2026","TIGE FILETEE 14-250/250  70R01","HP-ELECT",""
"26-0004331","26-0004331/25/1","00130897","08800202","240","SAMOIS","24/04/2026","TIGE FILETEE 14-300/100  70R02","HP-ELECT",""
"26-0004331","26-0004331/26/1","00130897","08800204","40","SAMOIS","24/04/2026","TIGE FILETEE 14-350/100  70R03","HP-ELECT",""
"26-0004331","26-0004331/27/1","00130897","08800208","4","SAMOIS","24/04/2026","TIGE FILETEE 14-450/100  70R05","HP-ELECT",""
"26-0004331","26-0004331/28/1","00130897","08800220","20","SAMOIS","24/04/2026","TIGE FILETEE 16-300/100  70R11","HP-ELECT",""
"26-0004331","26-0004331/29/1","00130897","08800222","4","SAMOIS","24/04/2026","TIGE FILETEE 16-350/100  70R12","HP-ELECT",""
"26-0004331","26-0004331/30/1","00130897","08800226","44","SAMOIS","24/04/2026","TIGE FILETEE 16-450/100  70R14","HP-ELECT",""
"26-0004331","26-0004331/31/1","00130897","08800243","36","SAMOIS","24/04/2026","TIGE FILETEE 18-300/100  70R22","HP-ELECT",""
"26-0004331","26-0004331/32/1","00130897","08800244","4","SAMOIS","24/04/2026","TIGE FILETEE 18-350/350  70R24","HP-ELECT",""
"26-0004331","26-0004331/33/1","00130897","08800245","8","SAMOIS","24/04/2026","TIGE FILETEE 18-400/100  78R25","HP-ELECT",""
"26-0004331","26-0004331/34/1","00130897","08800252","4","SAMOIS","24/04/2026","TIGE FILETEE 20-350/350  70R31","HP-ELECT",""
"26-0004331","26-0004331/35/1","00130897","08800254","8","SAMOIS","24/04/2026","TIGE FILETEE 20-400/400  70R32","HP-ELECT",""
"26-0004331","26-0004331/36/1","00130897","08800256","8","SAMOIS","24/04/2026","TIGE FILETEE 20-450/100  70R33","HP-ELECT",""
"26-0004331","26-0004331/37/1","00130897","08800262","12","SAMOIS","24/04/2026","TIGE FILETEE 20-700/300  70R70","HP-ELECT",""
"26-0004331","26-0004331/38/1","00130897","08800270","8","SAMOIS","24/04/2026","TIGE FILETEE 22-450/100  70R41","HP-ELECT",""
"26-0004331","26-0004331/39/1","00130897","08800563","3","SAMOIS","24/04/2026","ISOLATEUR CERAMI. A CAPOT  330","HP-ELECT",""
"26-0004331","26-0004331/41/1","00130897","08800576","8","SAMOIS","24/04/2026","ISOLATEUR VERRE A SEMELLE  350","HP-ELECT",""
"26-0004331","26-0004331/42/1","00130897","08800578","14","SAMOIS","24/04/2026","ISOLATEUR VERRE            355","HP-ELECT",""
"26-0004331","26-0004331/43/1","00130897","08800585","28","SAMOIS","24/04/2026","ISOLATEUR VERRE CAP/TIG 200268","HP-ELECT",""
"26-0004331","26-0004331/44/1","00130897","08800593","18","SAMOIS","24/04/2026","ISOLATEUR A CAPOT ET TIGE  295","HP-ELECT",""
"26-0004331","26-0004331/45/1","00130897","08800595","15","SAMOIS","24/04/2026","ISOLATEUR A CAPOT ET TIGE  290","HP-ELECT",""
"26-0004331","26-0004331/46/1","00130897","08800606","9","SAMOIS","24/04/2026","ISOLATEUR CERAMI. SUPPORT  400","HP-ELECT",""
"26-0004331","26-0004331/47/1","00130897","08800668","3","SAMOIS","24/04/2026","ISOLANT CORPS DE CHAISE    731","HP-ELECT",""
"26-0004331","26-0004331/48/1","00130897","08800719","8","SAMOIS","24/04/2026","CROCHET                 200211","HP-ELECT",""
"26-0004331","26-0004331/49/1","00130897","08800731","2","SAMOIS","24/04/2026","DEMI-PINCE FIL ROND_ RAINU 348","HP-ELECT",""
"26-0004335","26-0004335/1/1","00131082","08824283","1","SAMOIS","27/04/2026","PIED DE JAMBE 0.47M      31214","HP-ELECT",""
"26-0004335","26-0004335/10/1","00131082","08827035","7","SAMOIS","27/04/2026","CONTREPLAQUE            232965","HP-ELECT",""
"26-0004335","26-0004335/11/1","00131082","08827100","7","SAMOIS","27/04/2026","CORPS POUR CHANDELLE    232930","HP-ELECT",""
"26-0004335","26-0004335/12/1","00131082","08827210","16","SAMOIS","27/04/2026","CRAPAUD POUR CONSOLE    232747","HP-ELECT",""
"26-0004335","26-0004335/13/1","00131082","08827220","8","SAMOIS","27/04/2026","CRAPAUD                 232772","HP-ELECT",""
"26-0004335","26-0004335/14/1","00131082","08827420","1","SAMOIS","27/04/2026","PIECE D'ABAISSEMENT     232971","HP-ELECT",""
"26-0004335","26-0004335/15/1","00131082","08827535","5","SAMOIS","27/04/2026","PIECE D ATT.S/CONSOLE    32741","HP-ELECT",""
"26-0004335","26-0004335/16/1","00131082","08827540","1","SAMOIS","27/04/2026","PIECE D'ATT. S/CONSOLE   32756","HP-ELECT",""
"26-0004335","26-0004335/17/1","00131082","08827592","10","SAMOIS","27/04/2026","PIECE D'ATTACHE         232862","HP-ELECT",""
"26-0004335","26-0004335/18/1","00131082","08827593","10","SAMOIS","27/04/2026","PIECE D'ATTACHE         232863","HP-ELECT",""
"26-0004335","26-0004335/19/1","00131082","08827850","4","SAMOIS","27/04/2026","BRIDE DE SERRAGE         33960","HP-ELECT",""
"26-0004335","26-0004335/2/1","00131082","08824286","2","SAMOIS","27/04/2026","PIED DE JAMBE 0.62M      31215","HP-ELECT",""
"26-0004335","26-0004335/20/1","00131082","08828585","4","SAMOIS","27/04/2026","FLASQUE POUR ANCRAGE  R.237514","HP-ELECT",""
"26-0004335","26-0004335/21/1","00131082","08828590","4","SAMOIS","27/04/2026","FLASQUE DE 0_120 M REP.37630","HP-ELECT",""
"26-0004335","26-0004335/24/1","00131082","08828800","4","SAMOIS","27/04/2026","PIECE DE REGLAGE         37606","HP-ELECT",""
"26-0004335","26-0004335/27/1","00131082","08838388","16","SAMOIS","27/04/2026","ETRIER DE 10-33-60      17R224","HP-ELECT",""
"26-0004335","26-0004335/28/1","00131082","08838395","10","SAMOIS","27/04/2026","ETRIER DE 10-61-75      17R076","HP-ELECT",""
"26-0004335","26-0004335/29/1","00131082","08838705","3","SAMOIS","27/04/2026","TENDEUR A LANTERNE 10   208059","HP-ELECT",""
"26-0004335","26-0004335/3/1","00131082","08824330","4","SAMOIS","27/04/2026","POULIE DIAMETRE 114MM    31242","HP-ELECT",""
"26-0004335","26-0004335/30/1","00131082","08856040","3","SAMOIS","27/04/2026","ETRIER DE 10-40-50      17R052","HP-ELECT",""
"26-0004335","26-0004335/31/1","00131082","71634496","500","SAMOIS","27/04/2026","VIS H_ M8X20 - A4-80","HP-ELECT",""
"26-0004335","26-0004335/32/1","00131082","71634875","200","SAMOIS","27/04/2026","VIS H_ M10X30 - A4-80","HP-ELECT",""
"26-0004335","26-0004335/33/1","00131082","71635901","400","SAMOIS","27/04/2026","VIS H_ M10X35 - A4-80","HP-ELECT",""
"26-0004335","26-0004335/34/1","00131082","71636748","200","SAMOIS","27/04/2026","VIS H_ M10X50 - A4-80","HP-ELECT",""
"26-0004335","26-0004335/35/1","00131082","71674139","100","SAMOIS","27/04/2026","ECROU H_ M14 - A4-80","HP-ELECT",""
"26-0004335","26-0004335/36/1","00131082","71674471","400","SAMOIS","27/04/2026","ECROU HFR M10 INOX + REVET +CL","HP-ELECT",""
"26-0004335","26-0004335/37/1","00131082","71674602","200","SAMOIS","27/04/2026","ECROU HFR M12 INOX + REVET +CL","HP-ELECT",""
"26-0004335","26-0004335/38/1","00131082","78800005","6","SAMOIS","27/04/2026","PLAQUE SUPPORT            7380","HP-ELECT",""
"26-0004335","26-0004335/39/1","00131082","78804042","56","SAMOIS","27/04/2026","COSSE D'EXTREMITE     6603R301","HP-ELECT",""
"26-0004335","26-0004335/4/1","00131082","08824980","3","SAMOIS","27/04/2026","PINCE POUR ELINGUE       31233","HP-ELECT",""
"26-0004335","26-0004335/40/1","00131082","78804045","1","SAMOIS","27/04/2026","COSSE D'EXTREMITE     6603R304","HP-ELECT",""
"26-0004335","26-0004335/41/1","00131082","78804047","7","SAMOIS","27/04/2026","COSSE D'EXTREMITE     6603R306","HP-ELECT",""
"26-0004335","26-0004335/42/1","00131082","78804068","4","SAMOIS","27/04/2026","RACCORD DERIVATION    6603R607","HP-ELECT",""
"26-0004335","26-0004335/43/1","00131082","78824010","6","SAMOIS","27/04/2026","DEMI-BRAS MOBILE         31163","HP-ELECT",""
"26-0004335","26-0004335/44/1","00131082","78824011","3","SAMOIS","27/04/2026","ENTRETOISE               31164","HP-ELECT",""
"26-0004335","26-0004335/45/1","00131082","78824012","6","SAMOIS","27/04/2026","CONTREPLAQUE SER. BRAS   31167","HP-ELECT",""
"26-0004335","26-0004335/5/1","00131082","08825905","2","SAMOIS","27/04/2026","HAUBAN PR CONSOLE FEED R 32686","HP-ELECT",""
"26-0004335","26-0004335/6/1","00131082","08825930","1","SAMOIS","27/04/2026","PLAT DE LIAISON L=0_38 R.32673","HP-ELECT",""
"26-0004335","26-0004335/7/1","00131082","08825932","8","SAMOIS","27/04/2026","PLAT COUDE L=0_18 REPEEE 32683","HP-ELECT",""
"26-0004335","26-0004335/8/1","00131082","08826701","14","SAMOIS","27/04/2026","ANNEAU DOUBLE           232861","HP-ELECT",""
"26-0004335","26-0004335/9/1","00131082","08826850","7","SAMOIS","27/04/2026","CHANDELLE DE 210MM      232931","HP-ELECT",""
"26-0006353","26-0006353/1/1","00131082","08805300","100","LUC","27/04/2026","ETRIER  ""L = 0_200M""      5005","LUC",""
"26-0006353","26-0006353/10/1","00131082","08805338","2","LUC","27/04/2026","ETRIER  ""L = 0_270M""      5005","LUC",""
"26-0006353","26-0006353/2/1","00131082","08805318","4","LUC","27/04/2026","ETRIER  ""L = 0_170M""      5005","LUC",""
"26-0006353","26-0006353/3/1","00131082","08805319","2","LUC","27/04/2026","ETRIER  ""L = 0_175M""      5005","LUC",""
"26-0006353","26-0006353/4/1","00131082","08805320","2","LUC","27/04/2026","ETRIER  ""L = 0_180M""      5005","LUC",""
"26-0006353","26-0006353/5/1","00131082","08805321","2","LUC","27/04/2026","ETRIER  ""L = 0_185M""      5005","LUC",""
"26-0006353","26-0006353/6/1","00131082","08805322","2","LUC","27/04/2026","ETRIER  ""L = 0_190M""      5005","LUC",""
"26-0006353","26-0006353/7/1","00131082","08805323","4","LUC","27/04/2026","ETRIER  ""L = 0_195M""      5005","LUC",""
"26-0006353","26-0006353/8/1","00131082","08805327","2","LUC","27/04/2026","ETRIER  ""L = 0_215M""      5005","LUC",""
"26-0006353","26-0006353/9/1","00131082","08805333","2","LUC","27/04/2026","ETRIER  ""L = 0_245M""      5005","LUC",""
"26-0004334","26-0004334/1/1","00131083","08808282","18","SAMOIS","27/04/2026","FLASQUE DROIT RENFORCE    8211","HP-ELECT",""
"26-0004334","26-0004334/10/1","00131083","08820583","6","SAMOIS","27/04/2026","PIECE D'ANCRAGE          22173","HP-ELECT",""
"26-0004334","26-0004334/11/1","00131083","08820910","10","SAMOIS","27/04/2026","ATTACHE FIXE            222753","HP-ELECT",""
"26-0004334","26-0004334/13/1","00131083","08820964","4","SAMOIS","27/04/2026","PIECE D'ATTACHE          22798","HP-ELECT",""
"26-0004334","26-0004334/14/1","00131083","08821066","1","SAMOIS","27/04/2026","CHAPE DE POULIE RENVOI   22958","HP-ELECT",""
"26-0004334","26-0004334/15/1","00131083","08821091","2","SAMOIS","27/04/2026","EQUERRE REPERE.222926","HP-ELECT",""
"26-0004334","26-0004334/19/1","00131083","08822355","8","SAMOIS","27/04/2026","FLASQUE COUDE L=0_43 M R.25751","HP-ELECT",""
"26-0004334","26-0004334/2/1","00131083","08808285","10","SAMOIS","27/04/2026","FLASQUE COUDE             8212","HP-ELECT",""
"26-0004334","26-0004334/20/1","00131083","08822385","4","SAMOIS","27/04/2026","TUBE ENTRETOISE L=220MM  25752","HP-ELECT",""
"26-0004334","26-0004334/21/1","00131083","08822430","4","SAMOIS","27/04/2026","CONTREPLAQUE L=550MM     26152","HP-ELECT",""
"26-0004334","26-0004334/22/1","00131083","08822700","1","SAMOIS","27/04/2026","CONTREPLAQUE            227523","HP-ELECT",""
"26-0004334","26-0004334/24/1","00131083","08822850","1","SAMOIS","27/04/2026","TRAVERSE                 27705","HP-ELECT",""
"26-0004334","26-0004334/26/1","00131083","08823200","12","SAMOIS","27/04/2026","DEMI-BRAS MOBILE         30395","HP-ELECT",""
"26-0004334","26-0004334/28/1","00131083","08823308","4","SAMOIS","27/04/2026","CONTREPLAQUE U80 L=190MM 30228","HP-ELECT",""
"26-0004334","26-0004334/29/1","00131083","08823385","8","SAMOIS","27/04/2026","CRAPAUD                  30249","HP-ELECT",""
"26-0004334","26-0004334/3/1","00131083","08808320","2","SAMOIS","27/04/2026","PALONNIER TYPE COURT      8220","HP-ELECT",""
"26-0004334","26-0004334/30/1","00131083","08823470","4","SAMOIS","27/04/2026","PIED L=790MM             30247","HP-ELECT",""
"26-0004334","26-0004334/31/1","00131083","08823481","4","SAMOIS","27/04/2026","PIED POUR HAUBAN         30226","HP-ELECT",""
"26-0004334","26-0004334/32/1","00131083","08823483","1","SAMOIS","27/04/2026","PIED DE CHAISE 0_52M     31227","HP-ELECT",""
"26-0004334","26-0004334/33/1","00131083","08823910","4","SAMOIS","27/04/2026","VIS A EPAULEMENT 16X78   31244","HP-ELECT",""
"26-0004334","26-0004334/34/1","00131083","08823940","4","SAMOIS","27/04/2026","CHAPE                    31241","HP-ELECT",""
"26-0004334","26-0004334/35/1","00131083","08823970","6","SAMOIS","27/04/2026","COLLIER                  31210","HP-ELECT",""
"26-0004334","26-0004334/36/1","00131083","08824009","1","SAMOIS","27/04/2026","CONTREPLAQUE DE 0_52M    31201","HP-ELECT",""
"26-0004334","26-0004334/37/1","00131083","08824012","2","SAMOIS","27/04/2026","CONTREPLAQUE DE 0_62M    31202","HP-ELECT",""
"26-0004334","26-0004334/39/1","00131083","08824059","1","SAMOIS","27/04/2026","CONTREPLAQUE L=0_47M REP.31223","HP-ELECT",""
"26-0004334","26-0004334/4/1","00131083","08808323","2","SAMOIS","27/04/2026","PALONNIER TYPE LONG       8222","HP-ELECT",""
"26-0004334","26-0004334/40/1","00131083","08824080","3","SAMOIS","27/04/2026","CONTREPLAQUE L=0_16M     31232","HP-ELECT",""
"26-0004334","26-0004334/43/1","00131083","08824220","3","SAMOIS","27/04/2026","PATIN A CHAPE DE CHAISE  31231","HP-ELECT",""
"26-0004334","26-0004334/44/1","00131083","08824230","3","SAMOIS","27/04/2026","PATIN A CHAPE            31236","HP-ELECT",""
"26-0004334","26-0004334/45/1","00131083","08824264","2","SAMOIS","27/04/2026","PIED DE CHAISE L0_62M    31194","HP-ELECT",""
"26-0004334","26-0004334/5/1","00131083","08808326","1","SAMOIS","27/04/2026","PALONNIER TYPE 3 CABLES   8223","HP-ELECT",""
"26-0004334","26-0004334/6/1","00131083","08808434","3","SAMOIS","27/04/2026","TIGE A OEIL DE 20 REP.8235","HP-ELECT",""
"26-0004334","26-0004334/7/1","00131083","08808440","3","SAMOIS","27/04/2026","TIGE A OEILS DIAM.27MM    8236","HP-ELECT",""
"26-0004334","26-0004334/8/1","00131083","08811470","20","SAMOIS","27/04/2026","COSSE-COEUR         211630R102","HP-ELECT",""
"26-0004334","26-0004334/9/1","00131083","08820565","6","SAMOIS","27/04/2026","PIECE D'ANCRAGE          22155","HP-ELECT",""
"26-0004336","26-0004336/10/1","00131084","08805321","2","SAMOIS","28/04/2026","ETRIER  ""L = 0_185M""      5005","HP-ELECT",""
"26-0004336","26-0004336/11/1","00131084","08805322","2","SAMOIS","28/04/2026","ETRIER  ""L = 0_190M""      5005","HP-ELECT",""
"26-0004336","26-0004336/12/1","00131084","08805323","4","SAMOIS","28/04/2026","ETRIER  ""L = 0_195M""      5005","HP-ELECT",""
"26-0004336","26-0004336/13/1","00131084","08805327","2","SAMOIS","28/04/2026","ETRIER  ""L = 0_215M""      5005","HP-ELECT",""
"26-0004336","26-0004336/14/1","00131084","08805333","2","SAMOIS","28/04/2026","ETRIER  ""L = 0_245M""      5005","HP-ELECT",""
"26-0004336","26-0004336/15/1","00131084","08805338","2","SAMOIS","28/04/2026","ETRIER  ""L = 0_270M""      5005","HP-ELECT",""
"26-0004336","26-0004336/16/1","00131084","08805652","188","SAMOIS","28/04/2026","GRIFFE A EMBECQ. POUR FC  5049","HP-ELECT",""
"26-0004336","26-0004336/17/1","00131084","08805715","20","SAMOIS","28/04/2026","PIECE RAINUREE          205083","HP-ELECT",""
"26-0004336","26-0004336/18/1","00131084","08806701","6","SAMOIS","28/04/2026","CAVALIER CABLE 147MM2     6647","HP-ELECT",""
"26-0004336","26-0004336/19/1","00131084","08806767","2","SAMOIS","28/04/2026","COSSE A PLAGE DEPORTEE    6787","HP-ELECT",""
"26-0004336","26-0004336/20/1","00131084","08806769","2","SAMOIS","28/04/2026","RACCORD DROIT (BAR. CU25)  942","HP-ELECT",""
"26-0004336","26-0004336/21/1","00131084","08806805","16","SAMOIS","28/04/2026","DEMI-GRIFFE               6511","HP-ELECT",""
"26-0004336","26-0004336/22/1","00131084","08806809","1","SAMOIS","28/04/2026","DEMI-GRIFFE CUIVRE    6604R404","HP-ELECT",""
"26-0004336","26-0004336/23/1","00131084","08806810","2","SAMOIS","28/04/2026","DEMI-GRIFFE               6517","HP-ELECT",""
"26-0004336","26-0004336/24/1","00131084","08806814","6","SAMOIS","28/04/2026","DEMI-GRIFFE CUIVRE    6604R408","HP-ELECT",""
"26-0004336","26-0004336/25/1","00131084","08806819","14","SAMOIS","28/04/2026","DEMI-GRIFFE SERRAGE   6604R304","HP-ELECT",""
"26-0004336","26-0004336/26/1","00131084","08806820","2","SAMOIS","28/04/2026","DEMI-GRIFFE PRINCIPALE    6529","HP-ELECT",""
"26-0004336","26-0004336/27/1","00131084","08806825","16","SAMOIS","28/04/2026","DEMI GRIFFE DE SERRAGE    6530","HP-ELECT",""
"26-0004336","26-0004336/28/1","00131084","08806845","8","SAMOIS","28/04/2026","DEMI-GRIFFE               6556","HP-ELECT",""
"26-0004336","26-0004336/29/1","00131084","08806901","6","SAMOIS","28/04/2026","DEMI-GRIFFE PENDULEE      6645","HP-ELECT",""
"26-0004336","26-0004336/3/1","00131084","08805178","198","SAMOIS","28/04/2026","CAVALIER CABLE 13_5 A 15  5439","HP-ELECT",""
"26-0004336","26-0004336/31/1","00131084","08807570","1","SAMOIS","28/04/2026","EQUERRE DE FIXATION REP.7776","HP-ELECT",""
"26-0004336","26-0004336/32/1","00131084","08807571","1","SAMOIS","28/04/2026","EQUERRE DE FIXATION       7777","HP-ELECT",""
"26-0004336","26-0004336/33/1","00131084","08807600","1","SAMOIS","28/04/2026","GALETTE INFERIEURE        7761","HP-ELECT",""
"26-0004336","26-0004336/35/1","00131084","08807604","11","SAMOIS","28/04/2026","GALETTE ADDITIONNELLE     7763","HP-ELECT",""
"26-0004336","26-0004336/36/1","00131084","08807670","1","SAMOIS","28/04/2026","REGLE GRADUEE             7775","HP-ELECT",""
"26-0004336","26-0004336/38/1","00131084","08807950","2","SAMOIS","28/04/2026","TENDEUR A LANTERNE DE 10  8550","HP-ELECT",""
"26-0004336","26-0004336/39/1","00131084","08807972","13","SAMOIS","28/04/2026","TENDEUR A LANTERNE DE 22  8422","HP-ELECT",""
"26-0004336","26-0004336/40/1","00131084","08807974","1","SAMOIS","28/04/2026","TENDEUR A LANTERNE DE 24  8367","HP-ELECT",""
"26-0004336","26-0004336/41/1","00131084","08807977","6","SAMOIS","28/04/2026","TENDEUR A LANTERNE DE 27  8427","HP-ELECT",""
"26-0004336","26-0004336/42/1","00131084","08807980","3","SAMOIS","28/04/2026","TENDEUR A LANTERNE DE 30  8369","HP-ELECT",""
"26-0004336","26-0004336/43/1","00131084","08808130","4","SAMOIS","28/04/2026","CHAPE PR PINCE D'ANCRAGE  8228","HP-ELECT",""
"26-0004336","26-0004336/44/1","00131084","08808145","6","SAMOIS","28/04/2026","CHAPE DOUBLE D'ANCRAGE  208080","HP-ELECT",""
"26-0004336","26-0004336/45/1","00131084","08808255","9","SAMOIS","28/04/2026","ETRIER DE 10-36-55      17R046","HP-ELECT",""
"26-0004336","26-0004336/46/1","00131084","08808262","1","SAMOIS","28/04/2026","ETRIER DE 10-61-80      17R077","HP-ELECT",""
"26-0004336","26-0004336/47/1","00131084","08808267","7","SAMOIS","28/04/2026","ETRIER DE 12-57-65      17R106","HP-ELECT",""
"26-0004336","26-0004336/48/1","00131084","08808268","1","SAMOIS","28/04/2026","ETRIER DE 12-68-75      17R109","HP-ELECT",""
"26-0004336","26-0004336/49/1","00131084","08808280","50","SAMOIS","28/04/2026","FLASQUE DROIT ENTRAXE 80  8210","HP-ELECT",""
"26-0004336","26-0004336/5/1","00131084","08805283","1","SAMOIS","28/04/2026","EMBOUT EPAIS. 9 A SERTIR  5475","HP-ELECT",""
"26-0004336","26-0004336/6/1","00131084","08805300","332","SAMOIS","28/04/2026","ETRIER  ""L = 0_200M""      5005","HP-ELECT",""
"26-0004336","26-0004336/7/1","00131084","08805318","4","SAMOIS","28/04/2026","ETRIER  ""L = 0_170M""      5005","HP-ELECT",""
"26-0004336","26-0004336/8/1","00131084","08805319","2","SAMOIS","28/04/2026","ETRIER  ""L = 0_175M""      5005","HP-ELECT",""
"26-0004336","26-0004336/9/1","00131084","08805320","2","SAMOIS","28/04/2026","ETRIER  ""L = 0_180M""      5005","HP-ELECT",""
"26-0004330","26-0004330/1/1","00131085","01601642","125","SAMOIS","27/04/2026","BOULON H_M18-50_2 ECROUS H GAL","HP-ELECT",""
"26-0004330","26-0004330/10/1","00131085","01602418","50","SAMOIS","27/04/2026","BOULON H_M22-70_ECROU H GALV.","HP-ELECT",""
"26-0004330","26-0004330/11/1","00131085","01602443","10","SAMOIS","27/04/2026","BOULON H_M22-75_2 ECRS H GALV.","HP-ELECT",""
"26-0004330","26-0004330/12/1","00131085","01602450","20","SAMOIS","27/04/2026","BOULON H_M22-80_ECROU H GALV.","HP-ELECT",""
"26-0004330","26-0004330/13/1","00131085","01602464","10","SAMOIS","27/04/2026","BOULON H_M22-90/37_ECROU H GAL","HP-ELECT",""
"26-0004330","26-0004330/14/1","00131085","01602476","10","SAMOIS","27/04/2026","BOULON H_M22-90_ECROU H GALV.","HP-ELECT",""
"26-0004330","26-0004330/15/1","00131085","01602483","10","SAMOIS","27/04/2026","BOULON H_M22-100_ECROU H GALV.","HP-ELECT",""
"26-0004330","26-0004330/16/1","00131085","01602487","10","SAMOIS","27/04/2026","BOULON H_M22-100_2 ECRS H GALV","HP-ELECT",""
"26-0004330","26-0004330/17/1","00131085","01602769","20","SAMOIS","27/04/2026","BOULON H_M24-80_ECROU H GALV.","HP-ELECT",""
"26-0004330","26-0004330/18/1","00131085","01602788","20","SAMOIS","27/04/2026","BOULON H_M24-90_ECROU H GALV","HP-ELECT",""
"26-0004330","26-0004330/19/1","00131085","01603374","10","SAMOIS","27/04/2026","BOULON H_M30-100_ECROU H GALV.","HP-ELECT",""
"26-0004330","26-0004330/2/1","00131085","01601668","25","SAMOIS","27/04/2026","BOULON H_M18-65/25_ECROU H GAL","HP-ELECT",""
"26-0004330","26-0004330/20/1","00131085","01604398","25","SAMOIS","27/04/2026","BOULON H_M12-40_2 ECROUS H","HP-ELECT",""
"26-0004330","26-0004330/21/1","00131085","01604573","50","SAMOIS","27/04/2026","BOULON H_M14-40_2 ECROUS GALV","HP-ELECT",""
"26-0004330","26-0004330/22/1","00131085","01604584","25","SAMOIS","27/04/2026","BOULON H_M14-45_2 ECRS H GALV","HP-ELECT",""
"26-0004330","26-0004330/23/1","00131085","01604647","25","SAMOIS","27/04/2026","BOULON H_M14-70_2 ECRS H GALV","HP-ELECT",""
"26-0004330","26-0004330/24/1","00131085","01604653","25","SAMOIS","27/04/2026","BOULON H_M14-80_ECROU H","HP-ELECT",""
"26-0004330","26-0004330/25/1","00131085","01604698","20","SAMOIS","27/04/2026","BOULON H_M14-130_2 ECRS H GALV","HP-ELECT",""
"26-0004330","26-0004330/26/1","00131085","01604709","20","SAMOIS","27/04/2026","BOULON H_M14-140_2 ECRS H GALV","HP-ELECT",""
"26-0004330","26-0004330/27/1","00131085","01604722","40","SAMOIS","27/04/2026","BOULON H_M14-160_2 ECRS H GALV","HP-ELECT",""
"26-0004330","26-0004330/28/1","00131085","01604729","20","SAMOIS","27/04/2026","BOULON H_M14-180/100_2 E.H G","HP-ELECT",""
"26-0004330","26-0004330/29/1","00131085","01604791","20","SAMOIS","27/04/2026","BOULON H_M16-45_2 ECRS H GALV","HP-ELECT",""
"26-0004330","26-0004330/3/1","00131085","01601707","25","SAMOIS","27/04/2026","BOULON H_M18-70_ECROUS H GAL","HP-ELECT",""
"26-0004330","26-0004330/30/1","00131085","01604807","20","SAMOIS","27/04/2026","BOULON H_M16-50_2 ECRS H GALV","HP-ELECT",""
"26-0004330","26-0004330/31/1","00131085","01604826","20","SAMOIS","27/04/2026","BOULON H_M16-55_2 ECRS H GALV","HP-ELECT",""
"26-0004330","26-0004330/32/1","00131085","01604851","25","SAMOIS","27/04/2026","BOULON H_M16-65_ECROU H GALV","HP-ELECT",""
"26-0004330","26-0004330/33/1","00131085","01604875","25","SAMOIS","27/04/2026","BOULON H_M16-75_2 ECRS H GALV","HP-ELECT",""
"26-0004330","26-0004330/34/1","00131085","01604978","100","SAMOIS","27/04/2026","BOULON H_M16-180/100_2 ECS H G","HP-ELECT",""
"26-0004330","26-0004330/35/1","00131085","01605280","20","SAMOIS","27/04/2026","BOULON H_M20-130_2 ECROUS H G","HP-ELECT",""
"26-0004330","26-0004330/36/1","00131085","01630686","100","SAMOIS","27/04/2026","VIS H_ M10X45 - A4-80","HP-ELECT",""
"26-0004330","26-0004330/37/1","00131085","01630890","100","SAMOIS","27/04/2026","VIS H_ M12X40 - A4-80","HP-ELECT",""
"26-0004330","26-0004330/38/1","00131085","01630899","100","SAMOIS","27/04/2026","VIS H_ M12X45 - A4-80","HP-ELECT",""
"26-0004330","26-0004330/39/1","00131085","01630971","25","SAMOIS","27/04/2026","VIS H_ M12X130 - A4-80","HP-ELECT",""
"26-0004330","26-0004330/4/1","00131085","01601838","25","SAMOIS","27/04/2026","BOULON H_M18-130_2 ECRS H GALV","HP-ELECT",""
"26-0004330","26-0004330/40/1","00131085","01679100","1","SAMOIS","27/04/2026","ECROU HFR_ M8 INOX +REVET ANTI","HP-ELECT",""
"26-0004330","26-0004330/41/1","00131085","01679101","2","SAMOIS","27/04/2026","ECROU HFR_ M14 INOX +REVET +CL","HP-ELECT",""
"26-0004330","26-0004330/42/1","00131085","01680156","200","SAMOIS","27/04/2026","RONDELLE PLATE M14","HP-ELECT",""
"26-0004330","26-0004330/43/1","00131085","01757703","20","SAMOIS","27/04/2026","AXE D'ARTICULATION TETE 16-50","HP-ELECT",""
"26-0004330","26-0004330/44/1","00131085","01757710","30","SAMOIS","27/04/2026","AXE D'ARTICULATION TETE 16-60","HP-ELECT",""
"26-0004330","26-0004330/45/1","00131085","01757855","10","SAMOIS","27/04/2026","AXE D'ARTICUALTION TETE 16-90","HP-ELECT",""
"26-0004330","26-0004330/46/1","00131085","01758161","10","SAMOIS","27/04/2026","AXE D'ARTICULATION TETE 20-60","HP-ELECT",""
"26-0004330","26-0004330/47/1","00131085","01758180","10","SAMOIS","27/04/2026","AXE D'ARTICULATION TETE 20-70","HP-ELECT",""
"26-0004330","26-0004330/48/1","00131085","01758200","10","SAMOIS","27/04/2026","AXE D'ARTICULATION TETE 20-90","HP-ELECT",""
"26-0004330","26-0004330/49/1","00131085","01758219","10","SAMOIS","27/04/2026","AXE D'ARTICULATION TETE 20-110","HP-ELECT",""
"26-0004330","26-0004330/5/1","00131085","01601905","25","SAMOIS","27/04/2026","BOULON H_M18-200_2 ECRS H GALV","HP-ELECT",""
"26-0004330","26-0004330/50/1","00131085","01758365","10","SAMOIS","27/04/2026","AXE D'ARTICULATION TETE 24X60","HP-ELECT",""
"26-0004330","26-0004330/6/1","00131085","01602035","20","SAMOIS","27/04/2026","BOULON H_M20-70_2 ECRS H GALV.","HP-ELECT",""
"26-0004330","26-0004330/7/1","00131085","01602196","20","SAMOIS","27/04/2026","BOULON H_M20-120_2 ECRS H GALV","HP-ELECT",""
"26-0004330","26-0004330/8/1","00131085","01602410","20","SAMOIS","27/04/2026","BOULON H_M22-60_2 ECRS H GALV.","HP-ELECT",""
"26-0004330","26-0004330/9/1","00131085","01602416","20","SAMOIS","27/04/2026","BOULON H_M22-65_ECROU H GALV.","HP-ELECT",""
"26-0004332","26-0004332/1/1","00131310","08800738","19","SAMOIS","28/04/2026","ETRIER DE 10-50-65      17R064","HP-ELECT",""
"26-0004332","26-0004332/10/1","00131310","08801932","4","SAMOIS","28/04/2026","CORPS DE PINCE            1776","HP-ELECT",""
"26-0004332","26-0004332/11/1","00131310","08802062","10","SAMOIS","28/04/2026","BOULON A EPAULEMENT       2073","HP-ELECT",""
"26-0004332","26-0004332/12/1","00131310","08802127","10","SAMOIS","28/04/2026","CHAPE A ROTULE DE 16      2141","HP-ELECT",""
"26-0004332","26-0004332/13/1","00131310","08802135","3","SAMOIS","28/04/2026","CHAPE POUR UNE POULIE     2118","HP-ELECT",""
"26-0004332","26-0004332/14/1","00131310","08802138","1","SAMOIS","28/04/2026","CHAPE POUR UNE POULIE     2071","HP-ELECT",""
"26-0004332","26-0004332/15/1","00131310","08802187","4","SAMOIS","28/04/2026","OEILLET A ROTULE DE 16    2126","HP-ELECT",""
"26-0004332","26-0004332/16/1","00131310","08802190","10","SAMOIS","28/04/2026","OEILLET A ROTULE DE 20    2106","HP-ELECT",""
"26-0004332","26-0004332/17/1","00131310","08802237","5","SAMOIS","28/04/2026","POULIE                    2070","HP-ELECT",""
"26-0004332","26-0004332/18/1","00131310","08802267","10","SAMOIS","28/04/2026","HALTERE DE 16X90          2131","HP-ELECT",""
"26-0004332","26-0004332/19/1","00131310","08802270","10","SAMOIS","28/04/2026","HALTERE DE 20X110         2111","HP-ELECT",""
"26-0004332","26-0004332/2/1","00131310","08801208","2","SAMOIS","28/04/2026","MANCHON D'ANCRAGE BZ116   1370","HP-ELECT",""
"26-0004332","26-0004332/20/1","00131310","08802383","5","SAMOIS","28/04/2026","BRIDE DE SERRAGE          2478","HP-ELECT",""
"26-0004332","26-0004332/21/1","00131310","08802409","5","SAMOIS","28/04/2026","CALE DE REMPLACEMENT      2479","HP-ELECT",""
"26-0004332","26-0004332/22/1","00131310","08802412","12","SAMOIS","28/04/2026","CALE DE REMPLACEMENT      2457","HP-ELECT",""
"26-0004332","26-0004332/23/1","00131310","08802478","3","SAMOIS","28/04/2026","CHAPEAU DE SERRAGE        2236","HP-ELECT",""
"26-0004332","26-0004332/24/1","00131310","08802481","14","SAMOIS","28/04/2026","CHAPEAU DE SERRAGE        2455","HP-ELECT",""
"26-0004332","26-0004332/25/1","00131310","08802483","5","SAMOIS","28/04/2026","CHAPEAU DE SERRAGE        2477","HP-ELECT",""
"26-0004332","26-0004332/26/1","00131310","08802525","15","SAMOIS","28/04/2026","COQUILLE A CHAPE          2452","HP-ELECT",""
"26-0004332","26-0004332/27/1","00131310","08802565","330","SAMOIS","28/04/2026","ETRIER DE 14-44-110     17R120","HP-ELECT",""
"26-0004332","26-0004332/28/1","00131310","08802682","4","SAMOIS","28/04/2026","PINCE TUNNEL 2 GORGES     2466","HP-ELECT",""
"26-0004332","26-0004332/29/1","00131310","08802685","10","SAMOIS","28/04/2026","PINCE A 4 GORGES          2476","HP-ELECT",""
"26-0004332","26-0004332/3/1","00131310","08801331","1","SAMOIS","28/04/2026","MANCHON JONCTION SERT. 914R203","HP-ELECT",""
"26-0004332","26-0004332/30/1","00131310","08802751","14","SAMOIS","28/04/2026","PLAQUETTE DE SERRAGE      2456","HP-ELECT",""
"26-0004332","26-0004332/31/1","00131310","08802801","20","SAMOIS","28/04/2026","CROCHET A ROTULE 202390R202391","HP-ELECT",""
"26-0004332","26-0004332/32/1","00131310","08802802","10","SAMOIS","28/04/2026","CROCHET A ROTULE 202390R202392","HP-ELECT",""
"26-0004332","26-0004332/33/1","00131310","08802806","10","SAMOIS","28/04/2026","CROCHET A ROTULE 202390R202396","HP-ELECT",""
"26-0004332","26-0004332/35/1","00131310","08804077","16","SAMOIS","28/04/2026","BRAS DE RAPPEL   204795R204796","HP-ELECT",""
"26-0004332","26-0004332/36/1","00131310","08804183","6","SAMOIS","28/04/2026","CHAPE A TIGE FILETEE      4322","HP-ELECT",""
"26-0004332","26-0004332/37/1","00131310","08804270","10","SAMOIS","28/04/2026","CONTREPLAQUE              4114","HP-ELECT",""
"26-0004332","26-0004332/38/1","00131310","08804291","25","SAMOIS","28/04/2026","SUSPENSION SOUPLE     4515R112","HP-ELECT",""
"26-0004332","26-0004332/39/1","00131310","08804292","25","SAMOIS","28/04/2026","SUSPENSION SOUPLE     4515R113","HP-ELECT",""
"26-0004332","26-0004332/4/1","00131310","08801736","21","SAMOIS","28/04/2026","MANCHON EXTREMITE 116_2 201370","HP-ELECT",""
"26-0004332","26-0004332/40/1","00131310","08804392","26","SAMOIS","28/04/2026","ETRIER DE 10-45-50      17R238","HP-ELECT",""
"26-0004332","26-0004332/41/1","00131310","08804448","100","SAMOIS","28/04/2026","MANCHON TUBU.OBLONG D5   4406","HP-ELECT",""
"26-0004332","26-0004332/42/1","00131310","08804452","7","SAMOIS","28/04/2026","MANCHON DE BLOCAGE      204158","HP-ELECT",""
"26-0004332","26-0004332/43/1","00131310","08804485","10","SAMOIS","28/04/2026","PIECE D'ATTACHE         203071","HP-ELECT",""
"26-0004332","26-0004332/44/1","00131310","08804486","5","SAMOIS","28/04/2026","PIECE D'ATTACHE S/TUBE  204877","HP-ELECT",""
"26-0004332","26-0004332/46/1","00131310","08804500","16","SAMOIS","28/04/2026","PINCE POUR 1 FIL RAINURE  4000","HP-ELECT",""
"26-0004332","26-0004332/47/1","00131310","08804515","20","SAMOIS","28/04/2026","PINCE POUR FIL 143MM2     4055","HP-ELECT",""
"26-0004332","26-0004332/48/1","00131310","08804642","7","SAMOIS","28/04/2026","SERRE-TUBE(38) A 2 TETONS 3785","HP-ELECT",""
"26-0004332","26-0004332/49/1","00131310","08804643","1","SAMOIS","28/04/2026","SERRE-TUBE(49) A 2 TETONS 3786","HP-ELECT",""
"26-0004332","26-0004332/50/1","00131310","08804782","7","SAMOIS","28/04/2026","TIGE DE REGLAGE      3840R3842","HP-ELECT",""
"26-0004332","26-0004332/6/1","00131310","08801862","2","SAMOIS","28/04/2026","MANCHON EXTREMITE 143   201407","HP-ELECT",""
"26-0004332","26-0004332/7/1","00131310","08801866","2","SAMOIS","28/04/2026","MANCHON EXTRE. F.C.150  201412","HP-ELECT",""
"26-0004332","26-0004332/8/1","00131310","08801900","1","SAMOIS","28/04/2026","PINCE D'ANCRAGE           1751","HP-ELECT",""
"26-0004332","26-0004332/9/1","00131310","08801905","32","SAMOIS","28/04/2026","PINCE D'ANCRAGE           1754","HP-ELECT",""
"26-0014273","26-0014273/18/1","00131311","71674471","100","GRIPOY","27/04/2026","ECROU HFR M10 INOX + REVET +CL","ETF","04/05/2026"
"26-0004334","26-0004334/12/1","00131743","08820930","4","SAMOIS","29/04/2026","CORNIERE DE FIXATION     22835","HP-ELECT",""
"26-0014273","26-0014273/3/1","00131744","08800054","1","GRIPOY","29/04/2026","CORNIERE 60X60X6  L460MM 18R05","URAE",""
"26-0014273","26-0014273/24/1","00132289","08820434","2","GRIPOY","06/05/2026","POTEAU HE320B L12_9M GAL220104","URAE",""
"26-0014273","26-0014273/24/1","00144275","08820434","1","GRIPOY","10/08/2026","POTEAU HE320B L12_9M GAL220104","URAE",""
"26-0004336","26-0004336/4/1","00132545","08805280","4","SAMOIS","07/05/2026","EMBOUT A COSSE A SERTIR 205120","HP-ELECT",""
"26-0013182","26-0013182/3/1","00133541","79502620","4","NEMOURS","19/05/2026","CABLE NOIR CONNEC. NOIR APPLIC","TSO",""
"26-0013183","26-0013183/1/1","00133541","79631650","20","NEMOURS","19/05/2026","DEMI-ENTRETOISE SANS FIXATIONS","TSO",""
"26-0013183","26-0013183/2/1","00133541","79631234","40","NEMOURS","19/05/2026","FIXATION 1/2ENTRETOISE PROTECT","TSO",""
"26-0016905","26-0016905/1/1","00133541","79520686","6","GS GDL","19/05/2026","BALISE FIXE SILEC TYPE MAGNEL-","URAE",""
"26-0016905","26-0016905/4/1","00133541","79520749","40","GS GDL","19/05/2026","CONNEXION PRISE.MED.CI CPM1000","URAE",""
"26-0016905","26-0016905/5/1","00133541","79545074","5","GS GDL","19/05/2026","EMETTEUR N.S1-BET-24-CC-4F   -RPM","URAE",""
"26-0016905","26-0016905/6/1","00133541","79520930","100","GS GDL","19/05/2026","INSERT DOUBLE FACE","URAE",""
"26-0018992","26-0018992/10/1","00133541","08804511","20","GS GDL","19/05/2026","PINCE POUR FIL 104MM2     4050","URAE",""
"26-0018992","26-0018992/11/1","00133541","08804643","2","GS GDL","19/05/2026","SERRE-TUBE(49) A 2 TETONS 3786","URAE",""
"26-0018992","26-0018992/12/1","00133541","08804765","10","GS GDL","19/05/2026","TIGE DE REGLAGE  203065R203132","URAE",""
"26-0018992","26-0018992/13/1","00133541","08804767","10","GS GDL","19/05/2026","TIGE DE REGLAGE  203065R203133","URAE",""
"26-0018992","26-0018992/14/1","00133541","08804769","96","GS GDL","19/05/2026","TIGE DE REGLAGE  203065R203134","URAE",""
"26-0018992","26-0018992/15/1","00133541","08804773","9","GS GDL","19/05/2026","TIGE DE REGLAGE  203065R203069","URAE",""
"26-0018992","26-0018992/19/1","00133541","08804850","2","GS GDL","19/05/2026","TUBE 27-3 DROIT  204350R204351","URAE",""
"26-0018992","26-0018992/20/1","00133541","08804851","10","GS GDL","19/05/2026","TUBE 27-3 DROIT 204350R204352","URAE",""
"26-0018992","26-0018992/22/1","00133541","08804853","7","GS GDL","19/05/2026","TUBE 27-3 DROIT  204350R204354","URAE",""
"26-0018992","26-0018992/24/1","00133541","08805178","100","GS GDL","19/05/2026","CAVALIER CABLE 13_5 A 15  5439","URAE",""
"26-0018992","26-0018992/25/1","00133541","08805280","100","GS GDL","19/05/2026","EMBOUT A COSSE A SERTIR 205120","URAE",""
"26-0018992","26-0018992/26/1","00133541","08805283","100","GS GDL","19/05/2026","EMBOUT EPAIS. 9 A SERTIR  5475","URAE",""
"26-0018992","26-0018992/27/1","00133541","08805355","5","GS GDL","19/05/2026","ETRIER +PROTEC ""L=0_155M"" 5998","URAE",""
"26-0018992","26-0018992/28/1","00133541","08805356","5","GS GDL","19/05/2026","ETRIER +PROTEC ""L=0_160M"" 5998","URAE",""
"26-0018992","26-0018992/29/1","00133541","08805357","5","GS GDL","19/05/2026","ETRIER +PROTEC ""L=0_165M"" 5998","URAE",""
"26-0018992","26-0018992/30/1","00133541","08805358","5","GS GDL","19/05/2026","ETRIER +PROTEC ""L=0_170M"" 5998","URAE",""
"26-0018992","26-0018992/31/1","00133541","08805359","5","GS GDL","19/05/2026","ETRIER +PROTEC ""L=0_175M"" 5998","URAE",""
"26-0018992","26-0018992/32/1","00133541","08805360","5","GS GDL","19/05/2026","ETRIER +PROTEC ""L=0_180M"" 5998","URAE",""
"26-0018992","26-0018992/33/1","00133541","08805361","5","GS GDL","19/05/2026","ETRIER +PROTEC ""L=0_185M"" 5998","URAE",""
"26-0018992","26-0018992/34/1","00133541","08805362","5","GS GDL","19/05/2026","ETRIER +PROTEC ""L=0_190M"" 5998","URAE",""
"26-0018992","26-0018992/35/1","00133541","08805363","5","GS GDL","19/05/2026","ETRIER +PROTEC ""L=0_195M"" 5998","URAE",""
"26-0018992","26-0018992/36/1","00133541","08805364","5","GS GDL","19/05/2026","ETRIER +PROTEC ""L=0_205M"" 5998","URAE",""
"26-0018992","26-0018992/37/1","00133541","08805480","5","GS GDL","19/05/2026","ETRIER +PROTEC ""L=0_200M"" 5998","URAE",""
"26-0018992","26-0018992/39/1","00133541","08805666","100","GS GDL","19/05/2026","GRIFFE A CROCHET (F.C.) 205116","URAE",""
"26-0018992","26-0018992/4/1","00133541","08804077","4","GS GDL","19/05/2026","BRAS DE RAPPEL   204795R204796","URAE",""
"26-0018992","26-0018992/40/1","00133541","08808268","2","GS GDL","19/05/2026","ETRIER DE 12-68-75      17R109","URAE",""
"26-0018992","26-0018992/41/1","00133541","08814334","108","GS GDL","19/05/2026","PLAQUE BLEUE            214714","URAE",""
"26-0018992","26-0018992/42/1","00133541","71635901","200","GS GDL","19/05/2026","VIS H_ M10X35 - A4-80","URAE",""
"26-0018992","26-0018992/44/1","00133541","71674602","100","GS GDL","19/05/2026","ECROU HFR M12 INOX + REVET +CL","URAE",""
"26-0018992","26-0018992/5/1","00133541","08804155","114","GS GDL","19/05/2026","CAPOT POUR CROSSE RAPPEL  3991","URAE",""
"26-0018992","26-0018992/6/1","00133541","08804320","114","GS GDL","19/05/2026","CROSSE DE RAPPEL          3987","URAE",""
"26-0018992","26-0018992/7/1","00133541","08804450","118","GS GDL","19/05/2026","MANCHON DE BLOCAGE      203010","URAE",""
"26-0018992","26-0018992/8/1","00133541","08804500","175","GS GDL","19/05/2026","PINCE POUR 1 FIL RAINURE  4000","URAE",""
"26-0018992","26-0018992/9/1","00133541","08804505","20","GS GDL","19/05/2026","PINCE 2 FILS RAINURES     4005","URAE",""
"26-0019027","26-0019027/10/1","00133541","08806825","24","GS GDL","19/05/2026","DEMI GRIFFE DE SERRAGE    6530","URAE",""
"26-0019027","26-0019027/12/1","00133541","01680156","200","GS GDL","19/05/2026","RONDELLE PLATE M14","URAE",""
"26-0019027","26-0019027/2/1","00133541","01604573","25","GS GDL","19/05/2026","BOULON H_M14-40_2 ECROUS GALV","URAE",""
"26-0019027","26-0019027/3/1","00133541","71684456","100","GS GDL","19/05/2026","RONDELLE M 16","URAE",""
"26-0019027","26-0019027/4/1","00133541","01679101","1","GS GDL","19/05/2026","ECROU HFR_ M14 INOX +REVET +CL","URAE",""
"26-0019027","26-0019027/5/1","00133541","78804046","48","GS GDL","19/05/2026","COSSE D'EXTREMITE     6603R305","URAE",""
"26-0019027","26-0019027/6/1","00133541","08806810","96","GS GDL","19/05/2026","DEMI-GRIFFE               6517","URAE",""
"26-0019027","26-0019027/7/1","00133541","08806868","24","GS GDL","19/05/2026","DEMI-GRIFFE               6526","URAE",""
"26-0019027","26-0019027/8/1","00133541","71674602","200","GS GDL","19/05/2026","ECROU HFR M12 INOX + REVET +CL","URAE",""
"26-0019027","26-0019027/9/1","00133541","08806820","24","GS GDL","19/05/2026","DEMI-GRIFFE PRINCIPALE    6529","URAE",""
"26-0008637","26-0008637/48/1","00133651","08820258","1","BETZ","19/05/2026","POTEAU JHE280A L13_9 GAL221005","TSO",""
"26-0008653","26-0008653/47/1","00133651","08820258","1","GARENNE","19/05/2026","POTEAU JHE280A L13_9 GAL221005","TSO",""
"26-0012345","26-0012345/7/1","00134076","08801736","2","CHALETTE","20/05/2026","MANCHON EXTREMITE 116_2 201370","TSO",""
"26-0012352","26-0012352/10/1","00134557","01679101","1","CHALETTE","28/05/2026","ECROU HFR_ M14 INOX +REVET +CL","TSO",""
"26-0012352","26-0012352/11/1","00134557","01680156","200","CHALETTE","28/05/2026","RONDELLE PLATE M14","TSO",""
"26-0012352","26-0012352/12/1","00134557","01758161","10","CHALETTE","28/05/2026","AXE D'ARTICULATION TETE 20-60","TSO",""
"26-0012352","26-0012352/13/1","00134557","01758180","10","CHALETTE","28/05/2026","AXE D'ARTICULATION TETE 20-70","TSO",""
"26-0012352","26-0012352/14/1","00134557","01932935","100","CHALETTE","28/05/2026","COLLIER HOP INOX9 20-35","TSO",""
"26-0012352","26-0012352/15/1","00134557","08800052","7","CHALETTE","28/05/2026","CORNIERE 60X60X6  L400MM 18R03","TSO",""
"26-0012352","26-0012352/17/1","00134557","08800208","14","CHALETTE","28/05/2026","TIGE FILETEE 14-450/100  70R05","TSO",""
"26-0012352","26-0012352/18/1","00134557","08800604","8","CHALETTE","28/05/2026","ISOLATEUR CERAMI. ANCR-20T 120","TSO",""
"26-0012352","26-0012352/2/1","00134557","01602418","40","CHALETTE","28/05/2026","BOULON H_M22-70_ECROU H GALV.","TSO",""
"26-0012352","26-0012352/20/1","00134557","08801932","8","CHALETTE","28/05/2026","CORPS DE PINCE            1776","TSO",""
"26-0012352","26-0012352/21/1","00134557","08804392","88","CHALETTE","28/05/2026","ETRIER DE 10-45-50      17R238","TSO",""
"26-0012352","26-0012352/22/1","00134557","08805123","2","CHALETTE","28/05/2026","CAVALIER PR FIL CU.104    5438","TSO",""
"26-0012352","26-0012352/23/1","00134557","08805178","2","CHALETTE","28/05/2026","CAVALIER CABLE 13_5 A 15  5439","TSO",""
"26-0012352","26-0012352/24/1","00134557","08806700","4","CHALETTE","28/05/2026","CAVALIER CABLE 104_5MM2   6646","TSO",""
"26-0012352","26-0012352/25/1","00134557","08806767","4","CHALETTE","28/05/2026","COSSE A PLAGE DEPORTEE    6787","TSO",""
"26-0012352","26-0012352/26/1","00134557","08806769","10","CHALETTE","28/05/2026","RACCORD DROIT (BAR. CU25)  942","TSO",""
"26-0012352","26-0012352/27/1","00134557","08806805","8","CHALETTE","28/05/2026","DEMI-GRIFFE               6511","TSO",""
"26-0012352","26-0012352/28/1","00134557","08806812","4","CHALETTE","28/05/2026","DEMI-GRIFFE CUIVRE    6604R406","TSO",""
"26-0012352","26-0012352/29/1","00134557","08806816","8","CHALETTE","28/05/2026","DEMI-GRIFFE SERRAGE   6604R301","TSO",""
"26-0012352","26-0012352/3/1","00134557","01602464","30","CHALETTE","28/05/2026","BOULON H_M22-90/37_ECROU H GAL","TSO",""
"26-0012352","26-0012352/30/1","00134557","08806825","8","CHALETTE","28/05/2026","DEMI GRIFFE DE SERRAGE    6530","TSO",""
"26-0012352","26-0012352/31/1","00134557","08806901","4","CHALETTE","28/05/2026","DEMI-GRIFFE PENDULEE      6645","TSO",""
"26-0012352","26-0012352/33/1","00134557","08808130","8","CHALETTE","28/05/2026","CHAPE PR PINCE D'ANCRAGE  8228","TSO",""
"26-0012352","26-0012352/34/1","00134557","08808145","8","CHALETTE","28/05/2026","CHAPE DOUBLE D'ANCRAGE  208080","TSO",""
"26-0012352","26-0012352/35/1","00134557","08808280","40","CHALETTE","28/05/2026","FLASQUE DROIT ENTRAXE 80  8210","TSO",""
"26-0012352","26-0012352/36/1","00134557","08808434","8","CHALETTE","28/05/2026","TIGE A OEIL DE 20 REP.8235","TSO",""
"26-0012352","26-0012352/37/1","00134557","08820910","10","CHALETTE","28/05/2026","ATTACHE FIXE            222753","TSO",""
"26-0012352","26-0012352/38/1","00134557","08825930","1","CHALETTE","28/05/2026","PLAT DE LIAISON L=0_38 R.32673","TSO",""
"26-0012352","26-0012352/39/1","00134557","08827850","20","CHALETTE","28/05/2026","BRIDE DE SERRAGE         33960","TSO",""
"26-0012352","26-0012352/4/1","00134557","01604573","50","CHALETTE","28/05/2026","BOULON H_M14-40_2 ECROUS GALV","TSO",""
"26-0012352","26-0012352/40/1","00134557","08827851","8","CHALETTE","28/05/2026","BRIDE DE SERRAGE  REPERE 33963","TSO",""
"26-0012352","26-0012352/41/1","00134557","08838388","32","CHALETTE","28/05/2026","ETRIER DE 10-33-60      17R224","TSO",""
"26-0012352","26-0012352/42/1","00134557","08838705","2","CHALETTE","28/05/2026","TENDEUR A LANTERNE 10   208059","TSO",""
"26-0012352","26-0012352/43/1","00134557","71634875","200","CHALETTE","28/05/2026","VIS H_ M10X30 - A4-80","TSO",""
"26-0012352","26-0012352/44/1","00134557","71635901","200","CHALETTE","28/05/2026","VIS H_ M10X35 - A4-80","TSO",""
"26-0012352","26-0012352/45/1","00134557","71674471","300","CHALETTE","28/05/2026","ECROU HFR M10 INOX + REVET +CL","TSO",""
"26-0012352","26-0012352/46/1","00134557","71674602","100","CHALETTE","28/05/2026","ECROU HFR M12 INOX + REVET +CL","TSO",""
"26-0012352","26-0012352/47/1","00134557","78800005","3","CHALETTE","28/05/2026","PLAQUE SUPPORT            7380","TSO",""
"26-0012352","26-0012352/48/1","00134557","78804042","8","CHALETTE","28/05/2026","COSSE D'EXTREMITE     6603R301","TSO",""
"26-0012352","26-0012352/49/1","00134557","78804047","2","CHALETTE","28/05/2026","COSSE D'EXTREMITE     6603R306","TSO",""
"26-0012352","26-0012352/5/1","00134557","01604653","25","CHALETTE","28/05/2026","BOULON H_M14-80_ECROU H","TSO",""
"26-0012352","26-0012352/50/1","00134557","78804068","8","CHALETTE","28/05/2026","RACCORD DERIVATION    6603R607","TSO",""
"26-0012352","26-0012352/6/1","00134557","01604709","20","CHALETTE","28/05/2026","BOULON H_M14-140_2 ECRS H GALV","TSO",""
"26-0012352","26-0012352/7/1","00134557","01630686","100","CHALETTE","28/05/2026","VIS H_ M10X45 - A4-80","TSO",""
"26-0012352","26-0012352/8/1","00134557","01630890","100","CHALETTE","28/05/2026","VIS H_ M12X40 - A4-80","TSO",""
"26-0012352","26-0012352/9/1","00134557","01630899","100","CHALETTE","28/05/2026","VIS H_ M12X45 - A4-80","TSO",""
"26-0014273","26-0014273/23/1","00134875","79520830","20","GRIPOY","28/05/2026","COSSE BIMETAL CU/AL DE 95-12_5","ETF","26/06/2026"
"26-0004332","26-0004332/45/1","00134876","08804487","1","SAMOIS","28/05/2026","PIECE D'ATTACHE         204882","HP-ELECT",""
"26-0012352","26-0012352/32/1","00134877","08807972","9","CHALETTE","28/05/2026","TENDEUR A LANTERNE DE 22  8422","TSO",""
"26-0004336","26-0004336/34/1","00134951","08807602","11","SAMOIS","28/05/2026","GALETTE INTERMEDIAIRE     7762","HP-ELECT",""
"26-0012352","26-0012352/1/1","00135348","01602035","20","CHALETTE","02/06/2026","BOULON H_M20-70_2 ECRS H GALV.","TSO",""
"26-0012352","26-0012352/16/1","00135348","08800200","20","CHALETTE","02/06/2026","TIGE FILETEE 14-250/250  70R01","TSO",""
"26-0012345","26-0012345/10/1","00136484","08820424","1","CHALETTE","09/06/2026","POTEAU HE300B L14_9M GAL220104","TSO",""
"26-0018994","26-0018994/19/1","00136738","08800719","3","NEMOURS","10/06/2026","CROCHET                 200211","TSO",""
"26-0004332","26-0004332/5/1","00136739","08801856","2","SAMOIS","10/06/2026","MANCHON EXTRE. F.C. 107 201405","HP-ELECT",""
"26-0018992","26-0018992/2/1","00137562","08800578","120","GS GDL","17/06/2026","ISOLATEUR VERRE            355","URAE",""
"26-0020902","26-0020902/1/1","00137562","08804452","1","EMBASE_CMM","17/06/2026","MANCHON DE BLOCAGE      204158","URAE",""
"26-0020902","26-0020902/12/1","00137562","08804970","3","EMBASE_CMM","17/06/2026","TUBE D'ABAISSEMENT    3065R101","URAE",""
"26-0020902","26-0020902/14/1","00137562","08807972","6","EMBASE_CMM","17/06/2026","TENDEUR A LANTERNE DE 22  8422","URAE",""
"26-0020902","26-0020902/15/1","00137562","08808262","11","EMBASE_CMM","17/06/2026","ETRIER DE 10-61-80      17R077","URAE",""
"26-0020902","26-0020902/16/1","00137562","08808267","1","EMBASE_CMM","17/06/2026","ETRIER DE 12-57-65      17R106","URAE",""
"26-0020902","26-0020902/17/1","00137562","08808268","2","EMBASE_CMM","17/06/2026","ETRIER DE 12-68-75      17R109","URAE",""
"26-0020902","26-0020902/18/1","00137562","08820910","10","EMBASE_CMM","17/06/2026","ATTACHE FIXE            222753","URAE",""
"26-0020902","26-0020902/22/1","00137562","08825930","6","EMBASE_CMM","17/06/2026","PLAT DE LIAISON L=0_38 R.32673","URAE",""
"26-0020902","26-0020902/24/1","00137562","08827592","10","EMBASE_CMM","17/06/2026","PIECE D'ATTACHE         232862","URAE",""
"26-0020902","26-0020902/25/1","00137562","08833687","6","EMBASE_CMM","17/06/2026","CROISILLON A CHAPE      204997","URAE",""
"26-0020902","26-0020902/26/1","00137562","08838395","20","EMBASE_CMM","17/06/2026","ETRIER DE 10-61-75      17R076","URAE",""
"26-0020902","26-0020902/27/1","00137562","71635901","200","EMBASE_CMM","17/06/2026","VIS H_ M10X35 - A4-80","URAE",""
"26-0020902","26-0020902/28/1","00137562","71636748","200","EMBASE_CMM","17/06/2026","VIS H_ M10X50 - A4-80","URAE",""
"26-0020902","26-0020902/29/1","00137562","71674471","100","EMBASE_CMM","17/06/2026","ECROU HFR M10 INOX + REVET +CL","URAE",""
"26-0020902","26-0020902/30/1","00137562","71674602","100","EMBASE_CMM","17/06/2026","ECROU HFR M12 INOX + REVET +CL","URAE",""
"26-0020902","26-0020902/31/1","00137562","71754147","50","EMBASE_CMM","17/06/2026","AXE D'ARTICULATION TETE 12-55","URAE",""
"26-0020902","26-0020902/32/1","00137562","08804350","20","EMBASE_CMM","17/06/2026","EMBOUT A SERTIR         203212","URAE",""
"26-0020902","26-0020902/4/1","00137562","08804500","12","EMBASE_CMM","17/06/2026","PINCE POUR 1 FIL RAINURE  4000","URAE",""
"26-0020902","26-0020902/5/1","00137562","08804511","20","EMBASE_CMM","17/06/2026","PINCE POUR FIL 104MM2     4050","URAE",""
"26-0020902","26-0020902/6/1","00137562","08804642","1","EMBASE_CMM","17/06/2026","SERRE-TUBE(38) A 2 TETONS 3785","URAE",""
"26-0020902","26-0020902/7/1","00137562","08804643","2","EMBASE_CMM","17/06/2026","SERRE-TUBE(49) A 2 TETONS 3786","URAE",""
"26-0020902","26-0020902/8/1","00137562","08804650","3","EMBASE_CMM","17/06/2026","ATTACHE A CHAPES          3057","URAE",""
"26-0020902","26-0020902/9/1","00137562","08804782","1","EMBASE_CMM","17/06/2026","TIGE DE REGLAGE      3840R3842","URAE",""
"26-0020909","26-0020909/1/1","00137562","01602035","20","EMBASE_CMM","17/06/2026","BOULON H_M20-70_2 ECRS H GALV.","URAE",""
"26-0020909","26-0020909/10/1","00137562","08800052","24","EMBASE_CMM","17/06/2026","CORNIERE 60X60X6  L400MM 18R03","URAE",""
"26-0020909","26-0020909/11/1","00137562","08800064","24","EMBASE_CMM","17/06/2026","CORNIERE 80X80X8  L400MM 18R45","URAE",""
"26-0020909","26-0020909/12/1","00137562","08800204","30","EMBASE_CMM","17/06/2026","TIGE FILETEE 14-350/100  70R03","URAE",""
"26-0020909","26-0020909/13/1","00137562","08800208","4","EMBASE_CMM","17/06/2026","TIGE FILETEE 14-450/100  70R05","URAE",""
"26-0020909","26-0020909/14/1","00137562","08800222","20","EMBASE_CMM","17/06/2026","TIGE FILETEE 16-350/100  70R12","URAE",""
"26-0020909","26-0020909/15/1","00137562","08800224","4","EMBASE_CMM","17/06/2026","TIGE FILETEE 16-400/100  70R13","URAE",""
"26-0020909","26-0020909/16/1","00137562","08800243","12","EMBASE_CMM","17/06/2026","TIGE FILETEE 18-300/100  70R22","URAE",""
"26-0020909","26-0020909/17/1","00137562","08800576","6","EMBASE_CMM","17/06/2026","ISOLATEUR VERRE A SEMELLE  350","URAE",""
"26-0020909","26-0020909/18/1","00137562","08800578","12","EMBASE_CMM","17/06/2026","ISOLATEUR VERRE            355","URAE",""
"26-0020909","26-0020909/19/1","00137562","08800585","12","EMBASE_CMM","17/06/2026","ISOLATEUR VERRE CAP/TIG 200268","URAE",""
"26-0020909","26-0020909/2/1","00137562","01604584","50","EMBASE_CMM","17/06/2026","BOULON H_M14-45_2 ECRS H GALV","URAE",""
"26-0020909","26-0020909/20/1","00137562","08800719","6","EMBASE_CMM","17/06/2026","CROCHET                 200211","URAE",""
"26-0020909","26-0020909/21/1","00137562","08800738","3","EMBASE_CMM","17/06/2026","ETRIER DE 10-50-65      17R064","URAE",""
"26-0020909","26-0020909/22/1","00137562","08801736","12","EMBASE_CMM","17/06/2026","MANCHON EXTREMITE 116_2 201370","URAE",""
"26-0020909","26-0020909/23/1","00137562","08802412","3","EMBASE_CMM","17/06/2026","CALE DE REMPLACEMENT      2457","URAE",""
"26-0020909","26-0020909/24/1","00137562","08802474","3","EMBASE_CMM","17/06/2026","CHAPEAU DE SERRAGE        2247","URAE",""
"26-0020909","26-0020909/25/1","00137562","08802481","3","EMBASE_CMM","17/06/2026","CHAPEAU DE SERRAGE        2455","URAE",""
"26-0020909","26-0020909/26/1","00137562","08802525","6","EMBASE_CMM","17/06/2026","COQUILLE A CHAPE          2452","URAE",""
"26-0020909","26-0020909/27/1","00137562","08802544","6","EMBASE_CMM","17/06/2026","ETRIER DE 12-36-65      17R090","URAE",""
"26-0020909","26-0020909/28/1","00137562","08802565","20","EMBASE_CMM","17/06/2026","ETRIER DE 14-44-110     17R120","URAE",""
"26-0020909","26-0020909/29/1","00137562","08802675","3","EMBASE_CMM","17/06/2026","PINCE                     2246","URAE",""
"26-0020909","26-0020909/3/1","00137562","01604791","60","EMBASE_CMM","17/06/2026","BOULON H_M16-45_2 ECRS H GALV","URAE",""
"26-0020909","26-0020909/30/1","00137562","08802685","3","EMBASE_CMM","17/06/2026","PINCE A 4 GORGES          2476","URAE",""
"26-0020909","26-0020909/31/1","00137562","08802751","3","EMBASE_CMM","17/06/2026","PLAQUETTE DE SERRAGE      2456","URAE",""
"26-0020909","26-0020909/32/1","00137562","08802805","10","EMBASE_CMM","17/06/2026","CROCHET A ROTULE 202390R202395","URAE",""
"26-0020909","26-0020909/33/1","00137562","08803951","6","EMBASE_CMM","17/06/2026","ANNEAU A EMBOUT FILETE    4389","URAE",""
"26-0020909","26-0020909/34/1","00137562","08804077","6","EMBASE_CMM","17/06/2026","BRAS DE RAPPEL   204795R204796","URAE",""
"26-0020909","26-0020909/35/1","00137562","08804084","6","EMBASE_CMM","17/06/2026","BRAS RAPPEL COUDE  JG1432/3086","URAE",""
"26-0020909","26-0020909/36/1","00137562","08804094","3","EMBASE_CMM","17/06/2026","DEMI-BRIDE A EMBOUT     204506","URAE",""
"26-0020909","26-0020909/37/1","00137562","08804183","6","EMBASE_CMM","17/06/2026","CHAPE A TIGE FILETEE      4322","URAE",""
"26-0020909","26-0020909/4/1","00137562","01630899","100","EMBASE_CMM","17/06/2026","VIS H_ M12X45 - A4-80","URAE",""
"26-0020909","26-0020909/5/1","00137562","01757710","10","EMBASE_CMM","17/06/2026","AXE D'ARTICULATION TETE 16-60","URAE",""
"26-0020909","26-0020909/6/1","00137562","01758161","20","EMBASE_CMM","17/06/2026","AXE D'ARTICULATION TETE 20-60","URAE",""
"26-0020909","26-0020909/7/1","00137562","01758180","10","EMBASE_CMM","17/06/2026","AXE D'ARTICULATION TETE 20-70","URAE",""
"26-0020909","26-0020909/8/1","00137562","01758200","10","EMBASE_CMM","17/06/2026","AXE D'ARTICULATION TETE 20-90","URAE",""
"26-0018994","26-0018994/16/1","00137566","08800578","5","NEMOURS","16/06/2026","ISOLATEUR VERRE            355","TSO",""
"26-0018994","26-0018994/37/1","00137566","08803951","2","NEMOURS","16/06/2026","ANNEAU A EMBOUT FILETE    4389","TSO",""
"26-0018994","26-0018994/9/1","00137566","08800052","12","NEMOURS","16/06/2026","CORNIERE 60X60X6  L400MM 18R03","TSO",""
"26-0004332","26-0004332/34/1","00137567","08803951","6","SAMOIS","16/06/2026","ANNEAU A EMBOUT FILETE    4389","HP-ELECT",""
"26-0016813","26-0016813/44/1","00137624","08413908","16","MONTEREAU","17/06/2026","BARRE 25X 3_15MM SECT 78_75MM2","ETF","29/06/2026"
"26-0016815","26-0016815/27/1","00137624","08804915","1","MONTEREAU","17/06/2026","TUBE 38-4 L=2_400M   3575R3578","ETF","29/06/2026"
"26-0016815","26-0016815/28/1","00137624","08804976","5","MONTEREAU","17/06/2026","TUBE 49-4_5 L1=2_75M 4905R4907","ETF","29/06/2026"
"26-0016815","26-0016815/29/1","00137624","08804977","2","MONTEREAU","17/06/2026","TUBE 49-4_5 L1=3_05M 4905R4908","ETF","29/06/2026"
"26-0016815","26-0016815/30/1","00137624","08804979","5","MONTEREAU","17/06/2026","TUBE 49-4_5 L1=3_65M 4905R4910","ETF","29/06/2026"
"26-0016816","26-0016816/11/1","00137624","08807602","63","MONTEREAU","17/06/2026","GALETTE INTERMEDIAIRE     7762","ETF","29/06/2026"
"26-0016816","26-0016816/14/1","00137624","08807713","1","MONTEREAU","17/06/2026","TIGE A TENON L=1_22M  7768R104","ETF","29/06/2026"
"26-0016816","26-0016816/15/1","00137624","08807714","5","MONTEREAU","17/06/2026","TIGE A TENON L=1_67M  7768R105","ETF","29/06/2026"
"26-0016816","26-0016816/44/1","00137624","08821126","6","MONTEREAU","17/06/2026","TUBE GUIDE LONGUEUR 3400 MM","ETF","29/06/2026"
"26-0016816","26-0016816/46/1","00137624","08822780","3","MONTEREAU","17/06/2026","CORPS DE CONSOLE 0_850M  27550","ETF","29/06/2026"
"26-0016816","26-0016816/47/1","00137624","08822785","6","MONTEREAU","17/06/2026","CORPS DE CONSOLE 1_300M  27560","ETF","29/06/2026"
"26-0016816","26-0016816/48/1","00137624","08822805","1","MONTEREAU","17/06/2026","CORPS DE CONSOLE 1_300M  27670","ETF","29/06/2026"
"26-0016816","26-0016816/7/1","00137624","08807550","6","MONTEREAU","17/06/2026","APPAREIL TENDEUR AUT.     7710","ETF","29/06/2026"
"26-0016822","26-0016822/1/1","00137624","08828921","2","MONTEREAU","17/06/2026","ETRIER ANCRAGE L=2_30M  R39512","ETF","29/06/2026"
"26-0016822","26-0016822/2/1","00137624","08828922","12","MONTEREAU","17/06/2026","ETRIER ANCRAGE L=2_60M  R39513","ETF","29/06/2026"
"26-0016825","26-0016825/1/1","00137624","08822950","5","MONTEREAU","17/06/2026","CORP CONSOLE L1_20 28005R28050","ETF","29/06/2026"
"26-0016825","26-0016825/17/1","00137624","08824128","9","MONTEREAU","17/06/2026","CORPS DE CHAISE      31155R104","ETF","29/06/2026"
"26-0016825","26-0016825/18/1","00137624","08824173","9","MONTEREAU","17/06/2026","JAMBE DE FORCE     31100R31104","ETF","29/06/2026"
"26-0016825","26-0016825/3/1","00137624","08823259","5","MONTEREAU","17/06/2026","CORPS DE CHAISE L=1_72M  30214","ETF","29/06/2026"
"26-0016825","26-0016825/44/1","00137624","08828650","2","MONTEREAU","17/06/2026","TIGE OEIL D=24 POUR HAUB 37520","ETF","29/06/2026"
"26-0016825","26-0016825/45/1","00137624","08828752","10","MONTEREAU","17/06/2026","HAUBAN D=36 L=8_75M     R37556","ETF","29/06/2026"
"26-0016825","26-0016825/46/1","00137624","08828756","2","MONTEREAU","17/06/2026","HAUBAN D=36 L=9_75M     R37558","ETF","29/06/2026"
"26-0016816","26-0016816/1/1","00137742","08806806","1","MONTEREAU","18/06/2026","DEMI-GRIFFE CUIVRE    6604R401","ETF","06/07/2026"
"26-0016816","26-0016816/10/1","00137742","08807600","6","MONTEREAU","18/06/2026","GALETTE INFERIEURE        7761","ETF","06/07/2026"
"26-0016816","26-0016816/12/1","00137742","08807604","62","MONTEREAU","18/06/2026","GALETTE ADDITIONNELLE     7763","ETF","06/07/2026"
"26-0016816","26-0016816/13/1","00137742","08807670","6","MONTEREAU","18/06/2026","REGLE GRADUEE             7775","ETF","06/07/2026"
"26-0016816","26-0016816/16/1","00137742","08807950","8","MONTEREAU","18/06/2026","TENDEUR A LANTERNE DE 10  8550","ETF","06/07/2026"
"26-0016816","26-0016816/17/1","00137742","08807974","3","MONTEREAU","18/06/2026","TENDEUR A LANTERNE DE 24  8367","ETF","06/07/2026"
"26-0016816","26-0016816/18/1","00137742","08807977","33","MONTEREAU","18/06/2026","TENDEUR A LANTERNE DE 27  8427","ETF","06/07/2026"
"26-0016816","26-0016816/19/1","00137742","08807980","10","MONTEREAU","18/06/2026","TENDEUR A LANTERNE DE 30  8369","ETF","06/07/2026"
"26-0016816","26-0016816/2/1","00137742","08806809","7","MONTEREAU","18/06/2026","DEMI-GRIFFE CUIVRE    6604R404","ETF","06/07/2026"
"26-0016816","26-0016816/20/1","00137742","08808130","10","MONTEREAU","18/06/2026","CHAPE PR PINCE D'ANCRAGE  8228","ETF","06/07/2026"
"26-0016816","26-0016816/21/1","00137742","08808133","3","MONTEREAU","18/06/2026","CHAPE PR PINCE D'ANCRAGE  8229","ETF","06/07/2026"
"26-0016816","26-0016816/22/1","00137742","08808145","15","MONTEREAU","18/06/2026","CHAPE DOUBLE D'ANCRAGE  208080","ETF","06/07/2026"
"26-0016816","26-0016816/23/1","00137742","08808241","12","MONTEREAU","18/06/2026","ETRIER DE 10-30-50      17R222","ETF","06/07/2026"
"26-0016816","26-0016816/24/1","00137742","08808255","38","MONTEREAU","18/06/2026","ETRIER DE 10-36-55      17R046","ETF","06/07/2026"
"26-0016816","26-0016816/25/1","00137742","08808262","10","MONTEREAU","18/06/2026","ETRIER DE 10-61-80      17R077","ETF","06/07/2026"
"26-0016816","26-0016816/26/1","00137742","08808268","12","MONTEREAU","18/06/2026","ETRIER DE 12-68-75      17R109","ETF","06/07/2026"
"26-0016816","26-0016816/27/1","00137742","08808280","80","MONTEREAU","18/06/2026","FLASQUE DROIT ENTRAXE 80  8210","ETF","06/07/2026"
"26-0016816","26-0016816/29/1","00137742","08808285","32","MONTEREAU","18/06/2026","FLASQUE COUDE             8212","ETF","06/07/2026"
"26-0016816","26-0016816/3/1","00137742","08806810","16","MONTEREAU","18/06/2026","DEMI-GRIFFE               6517","ETF","06/07/2026"
"26-0016816","26-0016816/30/1","00137742","08808320","10","MONTEREAU","18/06/2026","PALONNIER TYPE COURT      8220","ETF","06/07/2026"
"26-0016816","26-0016816/31/1","00137742","08808323","8","MONTEREAU","18/06/2026","PALONNIER TYPE LONG       8222","ETF","06/07/2026"
"26-0016816","26-0016816/32/1","00137742","08808326","1","MONTEREAU","18/06/2026","PALONNIER TYPE 3 CABLES   8223","ETF","06/07/2026"
"26-0016816","26-0016816/33/1","00137742","08808434","5","MONTEREAU","18/06/2026","TIGE A OEIL DE 20 REP.8235","ETF","06/07/2026"
"26-0016816","26-0016816/34/1","00137742","08808440","10","MONTEREAU","18/06/2026","TIGE A OEILS DIAM.27MM    8236","ETF","06/07/2026"
"26-0016816","26-0016816/35/1","00137742","08811470","20","MONTEREAU","18/06/2026","COSSE-COEUR         211630R102","ETF","06/07/2026"
"26-0016816","26-0016816/37/1","00137742","08820565","20","MONTEREAU","18/06/2026","PIECE D'ANCRAGE          22155","ETF","06/07/2026"
"26-0016816","26-0016816/38/1","00137742","08820583","19","MONTEREAU","18/06/2026","PIECE D'ANCRAGE          22173","ETF","06/07/2026"
"26-0016816","26-0016816/39/1","00137742","08820910","20","MONTEREAU","18/06/2026","ATTACHE FIXE            222753","ETF","06/07/2026"
"26-0016816","26-0016816/4/1","00137742","08806820","16","MONTEREAU","18/06/2026","DEMI-GRIFFE PRINCIPALE    6529","ETF","06/07/2026"
"26-0016816","26-0016816/40/1","00137742","08820958","2","MONTEREAU","18/06/2026","PIECE D'ATTACHE          22788","ETF","06/07/2026"
"26-0016816","26-0016816/41/1","00137742","08820964","11","MONTEREAU","18/06/2026","PIECE D'ATTACHE          22798","ETF","06/07/2026"
"26-0016816","26-0016816/42/1","00137742","08821066","6","MONTEREAU","18/06/2026","CHAPE DE POULIE RENVOI   22958","ETF","06/07/2026"
"26-0016816","26-0016816/43/1","00137742","08821091","12","MONTEREAU","18/06/2026","EQUERRE REPERE.222926","ETF","06/07/2026"
"26-0016816","26-0016816/45/1","00137742","08822700","3","MONTEREAU","18/06/2026","CONTREPLAQUE            227523","ETF","06/07/2026"
"26-0016816","26-0016816/5/1","00137742","08806825","4","MONTEREAU","18/06/2026","DEMI GRIFFE DE SERRAGE    6530","ETF","06/07/2026"
"26-0016816","26-0016816/6/1","00137742","08806845","12","MONTEREAU","18/06/2026","DEMI-GRIFFE               6556","ETF","06/07/2026"
"26-0016816","26-0016816/8/1","00137742","08807570","6","MONTEREAU","18/06/2026","EQUERRE DE FIXATION REP.7776","ETF","06/07/2026"
"26-0016816","26-0016816/9/1","00137742","08807571","6","MONTEREAU","18/06/2026","EQUERRE DE FIXATION       7777","ETF","06/07/2026"
"26-0016822","26-0016822/10/1","00137742","71674139","100","MONTEREAU","18/06/2026","ECROU H_ M14 - A4-80","ETF","06/07/2026"
"26-0016822","26-0016822/11/1","00137742","71674471","800","MONTEREAU","18/06/2026","ECROU HFR M10 INOX + REVET +CL","ETF","06/07/2026"
"26-0016822","26-0016822/12/1","00137742","71674602","100","MONTEREAU","18/06/2026","ECROU HFR M12 INOX + REVET +CL","ETF","06/07/2026"
"26-0016822","26-0016822/13/1","00137742","78801000","7","MONTEREAU","18/06/2026","ETRIER  ""L = 0_320M""      5005","ETF","06/07/2026"
"26-0016822","26-0016822/14/1","00137742","78801003","1","MONTEREAU","18/06/2026","ETRIER  ""L = 0_345M""      5005","ETF","06/07/2026"
"26-0016822","26-0016822/15/1","00137742","78801005","7","MONTEREAU","18/06/2026","ETRIER  ""L = 0_360M""      5005","ETF","06/07/2026"
"26-0016822","26-0016822/16/1","00137742","78801010","1","MONTEREAU","18/06/2026","ETRIER  ""L = 0_385M""      5005","ETF","06/07/2026"
"26-0016822","26-0016822/17/1","00137742","78801013","7","MONTEREAU","18/06/2026","ETRIER  ""L = 0_400M""      5005","ETF","06/07/2026"
"26-0016822","26-0016822/18/1","00137742","78801019","1","MONTEREAU","18/06/2026","ETRIER  ""L = 0_435M""      5005","ETF","06/07/2026"
"26-0016822","26-0016822/19/1","00137742","78801021","7","MONTEREAU","18/06/2026","ETRIER  ""L = 0_450M""      5005","ETF","06/07/2026"
"26-0016822","26-0016822/20/1","00137742","78824010","18","MONTEREAU","18/06/2026","DEMI-BRAS MOBILE         31163","ETF","06/07/2026"
"26-0016822","26-0016822/21/1","00137742","78824011","9","MONTEREAU","18/06/2026","ENTRETOISE               31164","ETF","06/07/2026"
"26-0016822","26-0016822/22/1","00137742","78824012","18","MONTEREAU","18/06/2026","CONTREPLAQUE SER. BRAS   31167","ETF","06/07/2026"
"26-0016822","26-0016822/3/1","00137742","08838388","40","MONTEREAU","18/06/2026","ETRIER DE 10-33-60      17R224","ETF","06/07/2026"
"26-0016822","26-0016822/4/1","00137742","08838395","50","MONTEREAU","18/06/2026","ETRIER DE 10-61-75      17R076","ETF","06/07/2026"
"26-0016822","26-0016822/5/1","00137742","08856040","9","MONTEREAU","18/06/2026","ETRIER DE 10-40-50      17R052","ETF","06/07/2026"
"26-0016822","26-0016822/6/1","00137742","08857870","10","MONTEREAU","18/06/2026","CAVALIER CABLE 65_4MM2  234517","ETF","06/07/2026"
"26-0016822","26-0016822/7/1","00137742","71634496","500","MONTEREAU","18/06/2026","VIS H_ M8X20 - A4-80","ETF","06/07/2026"
"26-0016822","26-0016822/8/1","00137742","71635901","800","MONTEREAU","18/06/2026","VIS H_ M10X35 - A4-80","ETF","06/07/2026"
"26-0016822","26-0016822/9/1","00137742","71636748","200","MONTEREAU","18/06/2026","VIS H_ M10X50 - A4-80","ETF","06/07/2026"
"26-0016813","26-0016813/1/1","00137743","01601642","225","MONTEREAU","18/06/2026","BOULON H_M18-50_2 ECROUS H GAL","ETF","29/06/2026"
"26-0016813","26-0016813/10/1","00137743","01602464","30","MONTEREAU","18/06/2026","BOULON H_M22-90/37_ECROU H GAL","ETF","29/06/2026"
"26-0016813","26-0016813/11/1","00137743","01602476","10","MONTEREAU","18/06/2026","BOULON H_M22-90_ECROU H GALV.","ETF","29/06/2026"
"26-0016813","26-0016813/12/1","00137743","01602483","10","MONTEREAU","18/06/2026","BOULON H_M22-100_ECROU H GALV.","ETF","29/06/2026"
"26-0016813","26-0016813/13/1","00137743","01602487","40","MONTEREAU","18/06/2026","BOULON H_M22-100_2 ECRS H GALV","ETF","29/06/2026"
"26-0016813","26-0016813/14/1","00137743","01602769","80","MONTEREAU","18/06/2026","BOULON H_M24-80_ECROU H GALV.","ETF","29/06/2026"
"26-0016813","26-0016813/15/1","00137743","01602788","60","MONTEREAU","18/06/2026","BOULON H_M24-90_ECROU H GALV","ETF","29/06/2026"
"26-0016813","26-0016813/16/1","00137743","01603374","30","MONTEREAU","18/06/2026","BOULON H_M30-100_ECROU H GALV.","ETF","29/06/2026"
"26-0016813","26-0016813/17/1","00137743","01604398","25","MONTEREAU","18/06/2026","BOULON H_M12-40_2 ECROUS H","ETF","29/06/2026"
"26-0016813","26-0016813/18/1","00137743","01604573","25","MONTEREAU","18/06/2026","BOULON H_M14-40_2 ECROUS GALV","ETF","29/06/2026"
"26-0016813","26-0016813/19/1","00137743","01604584","25","MONTEREAU","18/06/2026","BOULON H_M14-45_2 ECRS H GALV","ETF","29/06/2026"
"26-0016813","26-0016813/2/1","00137743","01601668","25","MONTEREAU","18/06/2026","BOULON H_M18-65/25_ECROU H GAL","ETF","29/06/2026"
"26-0016813","26-0016813/20/1","00137743","01604647","25","MONTEREAU","18/06/2026","BOULON H_M14-70_2 ECRS H GALV","ETF","29/06/2026"
"26-0016813","26-0016813/21/1","00137743","01604653","25","MONTEREAU","18/06/2026","BOULON H_M14-80_ECROU H","ETF","29/06/2026"
"26-0016813","26-0016813/22/1","00137743","01604698","20","MONTEREAU","18/06/2026","BOULON H_M14-130_2 ECRS H GALV","ETF","29/06/2026"
"26-0016813","26-0016813/23/1","00137743","01604729","20","MONTEREAU","18/06/2026","BOULON H_M14-180/100_2 E.H G","ETF","29/06/2026"
"26-0016813","26-0016813/24/1","00137743","01604807","20","MONTEREAU","18/06/2026","BOULON H_M16-50_2 ECRS H GALV","ETF","29/06/2026"
"26-0016813","26-0016813/25/1","00137743","01604826","80","MONTEREAU","18/06/2026","BOULON H_M16-55_2 ECRS H GALV","ETF","29/06/2026"
"26-0016813","26-0016813/26/1","00137743","01604851","25","MONTEREAU","18/06/2026","BOULON H_M16-65_ECROU H GALV","ETF","29/06/2026"
"26-0016813","26-0016813/27/1","00137743","01604875","25","MONTEREAU","18/06/2026","BOULON H_M16-75_2 ECRS H GALV","ETF","29/06/2026"
"26-0016813","26-0016813/28/1","00137743","01605280","40","MONTEREAU","18/06/2026","BOULON H_M20-130_2 ECROUS H G","ETF","29/06/2026"
"26-0016813","26-0016813/29/1","00137743","01630890","100","MONTEREAU","18/06/2026","VIS H_ M12X40 - A4-80","ETF","29/06/2026"
"26-0016813","26-0016813/3/1","00137743","01601838","25","MONTEREAU","18/06/2026","BOULON H_M18-130_2 ECRS H GALV","ETF","29/06/2026"
"26-0016813","26-0016813/30/1","00137743","01630899","100","MONTEREAU","18/06/2026","VIS H_ M12X45 - A4-80","ETF","29/06/2026"
"26-0016813","26-0016813/31/1","00137743","01630971","25","MONTEREAU","18/06/2026","VIS H_ M12X130 - A4-80","ETF","29/06/2026"
"26-0016813","26-0016813/32/1","00137743","01679100","1","MONTEREAU","18/06/2026","ECROU HFR_ M8 INOX +REVET ANTI","ETF","29/06/2026"
"26-0016813","26-0016813/33/1","00137743","01757703","30","MONTEREAU","18/06/2026","AXE D'ARTICULATION TETE 16-50","ETF","29/06/2026"
"26-0016813","26-0016813/34/1","00137743","01757710","70","MONTEREAU","18/06/2026","AXE D'ARTICULATION TETE 16-60","ETF","29/06/2026"
"26-0016813","26-0016813/35/1","00137743","01757855","30","MONTEREAU","18/06/2026","AXE D'ARTICUALTION TETE 16-90","ETF","29/06/2026"
"26-0016813","26-0016813/36/1","00137743","01758200","10","MONTEREAU","18/06/2026","AXE D'ARTICULATION TETE 20-90","ETF","29/06/2026"
"26-0016813","26-0016813/37/1","00137743","01758367","60","MONTEREAU","18/06/2026","AXE D'ARTICULATION TETE 24-70","ETF","29/06/2026"
"26-0016813","26-0016813/4/1","00137743","01601988","100","MONTEREAU","18/06/2026","BOULON H_M20-55_2 ECR H GALV.","ETF","29/06/2026"
"26-0016813","26-0016813/5/1","00137743","01602196","60","MONTEREAU","18/06/2026","BOULON H_M20-120_2 ECRS H GALV","ETF","29/06/2026"
"26-0016813","26-0016813/6/1","00137743","01602410","40","MONTEREAU","18/06/2026","BOULON H_M22-60_2 ECRS H GALV.","ETF","29/06/2026"
"26-0016813","26-0016813/7/1","00137743","01602418","120","MONTEREAU","18/06/2026","BOULON H_M22-70_ECROU H GALV.","ETF","29/06/2026"
"26-0016813","26-0016813/8/1","00137743","01602443","10","MONTEREAU","18/06/2026","BOULON H_M22-75_2 ECRS H GALV.","ETF","29/06/2026"
"26-0016813","26-0016813/9/1","00137743","01602450","60","MONTEREAU","18/06/2026","BOULON H_M22-80_ECROU H GALV.","ETF","29/06/2026"
"26-0016814","26-0016814/1/1","00137744","08800052","10","MONTEREAU","18/06/2026","CORNIERE 60X60X6  L400MM 18R03","ETF","06/07/2026"
"26-0016814","26-0016814/10/1","00137744","08800230","8","MONTEREAU","18/06/2026","TIGE FILETEE 16-550/100  70R16","ETF","06/07/2026"
"26-0016814","26-0016814/11/1","00137744","08800232","4","MONTEREAU","18/06/2026","TIGE FILETEE 16-600/100  70R17","ETF","06/07/2026"
"26-0016814","26-0016814/12/1","00137744","08800243","16","MONTEREAU","18/06/2026","TIGE FILETEE 18-300/100  70R22","ETF","06/07/2026"
"26-0016814","26-0016814/13/1","00137744","08800254","32","MONTEREAU","18/06/2026","TIGE FILETEE 20-400/400  70R32","ETF","06/07/2026"
"26-0016814","26-0016814/14/1","00137744","08800256","64","MONTEREAU","18/06/2026","TIGE FILETEE 20-450/100  70R33","ETF","06/07/2026"
"26-0016814","26-0016814/15/1","00137744","08800278","48","MONTEREAU","18/06/2026","TIGE FILETEE 22-700/300  70R75","ETF","06/07/2026"
"26-0016814","26-0016814/16/1","00137744 / 00138229","08800563","9","MONTEREAU","18/06/2026","ISOLATEUR CERAMI. A CAPOT  330","ETF","06/07/2026 & 24/06/2026"
"26-0016814","26-0016814/18/1","00137744","08800578","20","MONTEREAU","18/06/2026","ISOLATEUR VERRE            355","ETF","06/07/2026"
"26-0016814","26-0016814/19/1","00137744","08800585","88","MONTEREAU","18/06/2026","ISOLATEUR VERRE CAP/TIG 200268","ETF","06/07/2026"
"26-0016814","26-0016814/2/1","00137744","08800064","8","MONTEREAU","18/06/2026","CORNIERE 80X80X8  L400MM 18R45","ETF","06/07/2026"
"26-0016814","26-0016814/20/1","00137744","08800593","35","MONTEREAU","18/06/2026","ISOLATEUR A CAPOT ET TIGE  295","ETF","06/07/2026"
"26-0016814","26-0016814/21/1","00137744","08800595","59","MONTEREAU","18/06/2026","ISOLATEUR A CAPOT ET TIGE  290","ETF","06/07/2026"
"26-0016814","26-0016814/23/1","00137744","08800668","9","MONTEREAU","18/06/2026","ISOLANT CORPS DE CHAISE    731","ETF","06/07/2026"
"26-0016814","26-0016814/24/1","00137744","08800731","22","MONTEREAU","18/06/2026","DEMI-PINCE FIL ROND_ RAINU 348","ETF","06/07/2026"
"26-0016814","26-0016814/25/1","00137744","08801208","7","MONTEREAU","18/06/2026","MANCHON D'ANCRAGE BZ116   1370","ETF","06/07/2026"
"26-0016814","26-0016814/27/1","00137744","08801356","1","MONTEREAU","18/06/2026","MANCHON JONCTION 143    200795","ETF","06/07/2026"
"26-0016814","26-0016814/28/1","00137744","08801685","9","MONTEREAU","18/06/2026","MANCHON EXTREMITE BZ65  201365","ETF","06/07/2026"
"26-0016814","26-0016814/29/1","00137744","08801761","2","MONTEREAU","18/06/2026","MANCHON EXTREMITE 145_8 201375","ETF","06/07/2026"
"26-0016814","26-0016814/3/1","00137744","08800065","4","MONTEREAU","18/06/2026","CORNIERE 80X80X8  L470MM 18R46","ETF","06/07/2026"
"26-0016814","26-0016814/30/1","00137744","08801799","14","MONTEREAU","18/06/2026","MANCHON EXTREMITE 261_5 201376","ETF","06/07/2026"
"26-0016814","26-0016814/31/1","00137744","08801851","1","MONTEREAU","18/06/2026","MANCHON EXTREMITE 104   201400","ETF","06/07/2026"
"26-0016814","26-0016814/33/1","00137744","08801862","7","MONTEREAU","18/06/2026","MANCHON EXTREMITE 143   201407","ETF","06/07/2026"
"26-0016814","26-0016814/34/1","00137744","08801866","6","MONTEREAU","18/06/2026","MANCHON EXTRE. F.C.150  201412","ETF","06/07/2026"
"26-0016814","26-0016814/35/1","00137744","08801900","6","MONTEREAU","18/06/2026","PINCE D'ANCRAGE           1751","ETF","06/07/2026"
"26-0016814","26-0016814/36/1","00137744","08801905","132","MONTEREAU","18/06/2026","PINCE D'ANCRAGE           1754","ETF","06/07/2026"
"26-0016814","26-0016814/37/1","00137744","08801930","3","MONTEREAU","18/06/2026","CORPS DE PINCE            1771","ETF","06/07/2026"
"26-0016814","26-0016814/38/1","00137744","08801932","10","MONTEREAU","18/06/2026","CORPS DE PINCE            1776","ETF","06/07/2026"
"26-0016814","26-0016814/39/1","00137744","08802062","20","MONTEREAU","18/06/2026","BOULON A EPAULEMENT       2073","ETF","06/07/2026"
"26-0016814","26-0016814/40/1","00137744","08802127","10","MONTEREAU","18/06/2026","CHAPE A ROTULE DE 16      2141","ETF","06/07/2026"
"26-0016814","26-0016814/41/1","00137744","08802135","5","MONTEREAU","18/06/2026","CHAPE POUR UNE POULIE     2118","ETF","06/07/2026"
"26-0016814","26-0016814/42/1","00137744","08802138","6","MONTEREAU","18/06/2026","CHAPE POUR UNE POULIE     2071","ETF","06/07/2026"
"26-0016814","26-0016814/43/1","00137744","08802187","8","MONTEREAU","18/06/2026","OEILLET A ROTULE DE 16    2126","ETF","06/07/2026"
"26-0016814","26-0016814/44/1","00137744","08802190","20","MONTEREAU","18/06/2026","OEILLET A ROTULE DE 20    2106","ETF","06/07/2026"
"26-0016814","26-0016814/45/1","00137744","08802237","17","MONTEREAU","18/06/2026","POULIE                    2070","ETF","06/07/2026"
"26-0016814","26-0016814/46/1","00137744","08802267","10","MONTEREAU","18/06/2026","HALTERE DE 16X90          2131","ETF","06/07/2026"
"26-0016814","26-0016814/47/1","00137744","08802270","30","MONTEREAU","18/06/2026","HALTERE DE 20X110         2111","ETF","06/07/2026"
"26-0016814","26-0016814/48/1","00137744","08802383","9","MONTEREAU","18/06/2026","BRIDE DE SERRAGE          2478","ETF","06/07/2026"
"26-0016814","26-0016814/5/1","00137744","08800067","28","MONTEREAU","18/06/2026","CORNIERE 80X80X8  L510MM 18R48","ETF","06/07/2026"
"26-0016814","26-0016814/6/1","00137744","08800202","70","MONTEREAU","18/06/2026","TIGE FILETEE 14-300/100  70R02","ETF","06/07/2026"
"26-0016814","26-0016814/7/1","00137744","08800208","44","MONTEREAU","18/06/2026","TIGE FILETEE 14-450/100  70R05","ETF","06/07/2026"
"26-0016814","26-0016814/8/1","00137744","08800220","104","MONTEREAU","18/06/2026","TIGE FILETEE 16-300/100  70R11","ETF","06/07/2026"
"26-0016814","26-0016814/9/1","00137744","08800224","10","MONTEREAU","18/06/2026","TIGE FILETEE 16-400/100  70R13","ETF","06/07/2026"
"26-0016825","26-0016825/10/1","00137745","08823940","13","MONTEREAU","18/06/2026","CHAPE                    31241","ETF","06/07/2026"
"26-0016825","26-0016825/11/1","00137745","08823970","18","MONTEREAU","18/06/2026","COLLIER                  31210","ETF","06/07/2026"
"26-0016825","26-0016825/12/1","00137745","08824003","7","MONTEREAU","18/06/2026","CONTREPLAQUE DE 0_32M    31199","ETF","06/07/2026"
"26-0016825","26-0016825/13/1","00137745","08824009","1","MONTEREAU","18/06/2026","CONTREPLAQUE DE 0_52M    31201","ETF","06/07/2026"
"26-0016825","26-0016825/15/1","00137745","08824059","1","MONTEREAU","18/06/2026","CONTREPLAQUE L=0_47M REP.31223","ETF","06/07/2026"
"26-0016825","26-0016825/16/1","00137745","08824080","9","MONTEREAU","18/06/2026","CONTREPLAQUE L=0_16M     31232","ETF","06/07/2026"
"26-0016825","26-0016825/19/1","00137745","08824220","9","MONTEREAU","18/06/2026","PATIN A CHAPE DE CHAISE  31231","ETF","06/07/2026"
"26-0016825","26-0016825/2/1","00137745","08823200","4","MONTEREAU","18/06/2026","DEMI-BRAS MOBILE         30395","ETF","06/07/2026"
"26-0016825","26-0016825/20/1","00137745","08824230","9","MONTEREAU","18/06/2026","PATIN A CHAPE            31236","ETF","06/07/2026"
"26-0016825","26-0016825/21/1","00137745","08824283","1","MONTEREAU","18/06/2026","PIED DE JAMBE 0.47M      31214","ETF",""
"26-0016825","26-0016825/22/1","00137745","08824330","13","MONTEREAU","18/06/2026","POULIE DIAMETRE 114MM    31242","ETF","06/07/2026"
"26-0016825","26-0016825/23/1","00137745","08824980","9","MONTEREAU","18/06/2026","PINCE POUR ELINGUE       31233","ETF","06/07/2026"
"26-0016825","26-0016825/25/1","00137745","08825932","56","MONTEREAU","18/06/2026","PLAT COUDE L=0_18 REPEEE 32683","ETF","06/07/2026"
"26-0016825","26-0016825/26/1","00137745","08826701","18","MONTEREAU","18/06/2026","ANNEAU DOUBLE           232861","ETF","06/07/2026"
"26-0016825","26-0016825/27/1","00137745","08826850","11","MONTEREAU","18/06/2026","CHANDELLE DE 210MM      232931","ETF","06/07/2026"
"26-0016825","26-0016825/28/1","00137745","08826855","11","MONTEREAU","18/06/2026","CHANDELLE DE 300MM      232951","ETF","06/07/2026"
"26-0016825","26-0016825/29/1","00137745","08826860","1","MONTEREAU","18/06/2026","CHANDELLE DE 460MM      232956","ETF","06/07/2026"
"26-0016825","26-0016825/30/1","00137745","08827035","11","MONTEREAU","18/06/2026","CONTREPLAQUE            232965","ETF","06/07/2026"
"26-0016825","26-0016825/31/1","00137745","08827040","11","MONTEREAU","18/06/2026","CONTREPLAQUE            232966","ETF","06/07/2026"
"26-0016825","26-0016825/32/1","00137745","08827045","2","MONTEREAU","18/06/2026","CONTREPLAQUE            232967","ETF","06/07/2026"
"26-0016825","26-0016825/33/1","00137745","08827100","11","MONTEREAU","18/06/2026","CORPS POUR CHANDELLE    232930","ETF","06/07/2026"
"26-0016825","26-0016825/34/1","00137745","08827110","11","MONTEREAU","18/06/2026","CORPS POUR CHANDELLE    232950","ETF","06/07/2026"
"26-0016825","26-0016825/35/1","00137745","08827120","1","MONTEREAU","18/06/2026","CORPS POUR CHANDELLE    232955","ETF","06/07/2026"
"26-0016825","26-0016825/37/1","00137745","08827220","64","MONTEREAU","18/06/2026","CRAPAUD                 232772","ETF","06/07/2026"
"26-0016825","26-0016825/38/1","00137745 / 00141391","08827546","4","MONTEREAU","18/06/2026","PIECE D'ATTACHE HAUBAN   32743","ETF","06/07/2026 & 03/08/2026"
"26-0016825","26-0016825/39/1","00137745","08827592","10","MONTEREAU","18/06/2026","PIECE D'ATTACHE         232862","ETF","06/07/2026"
"26-0016825","26-0016825/4/1","00137745","08823308","42","MONTEREAU","18/06/2026","CONTREPLAQUE U80 L=190MM 30228","ETF","06/07/2026"
"26-0016825","26-0016825/40/1","00137745","08827850","2","MONTEREAU","18/06/2026","BRIDE DE SERRAGE         33960","ETF","06/07/2026"
"26-0016825","26-0016825/41/1","00137745","08828580","12","MONTEREAU","18/06/2026","FLASQUE POUR ANCRAGE R.237512","ETF","06/07/2026"
"26-0016825","26-0016825/42/1","00137745","08828585","4","MONTEREAU","18/06/2026","FLASQUE POUR ANCRAGE  R.237514","ETF","06/07/2026"
"26-0016825","26-0016825/43/1","00137745","08828590","8","MONTEREAU","18/06/2026","FLASQUE DE 0_120 M REP.37630","ETF","06/07/2026"
"26-0016825","26-0016825/47/1","00137745","08828800","12","MONTEREAU","18/06/2026","PIECE DE REGLAGE         37606","ETF","06/07/2026"
"26-0016825","26-0016825/48/1","00137745","08828805","2","MONTEREAU","18/06/2026","PIECE DE REGLAGE         37605","ETF","06/07/2026"
"26-0016825","26-0016825/5/1","00137745","08823309","2","MONTEREAU","18/06/2026","CONTREPLAQUE DE 190      31229","ETF","06/07/2026"
"26-0016825","26-0016825/6/1","00137745","08823481","32","MONTEREAU","18/06/2026","PIED POUR HAUBAN         30226","ETF","06/07/2026"
"26-0016825","26-0016825/7/1","00137745","08823482","8","MONTEREAU","18/06/2026","PIED DE JAMBE 0_32M      31228","ETF","06/07/2026"
"26-0016825","26-0016825/8/1","00137745","08823483","9","MONTEREAU","18/06/2026","PIED DE CHAISE 0_52M     31227","ETF","06/07/2026"
"26-0016825","26-0016825/9/1","00137745","08823910","13","MONTEREAU","18/06/2026","VIS A EPAULEMENT 16X78   31244","ETF","06/07/2026"
"26-0016815","26-0016815/1/1","00137746","08802409","8","MONTEREAU","18/06/2026","CALE DE REMPLACEMENT      2479","ETF","29/06/2026"
"26-0016815","26-0016815/10/1","00137746","08802751","44","MONTEREAU","18/06/2026","PLAQUETTE DE SERRAGE      2456","ETF","29/06/2026"
"26-0016815","26-0016815/11/1","00137746","08802801","30","MONTEREAU","18/06/2026","CROCHET A ROTULE 202390R202391","ETF","29/06/2026"
"26-0016815","26-0016815/12/1","00137746","08802804","10","MONTEREAU","18/06/2026","CROCHET A ROTULE 202390R202394","ETF","29/06/2026"
"26-0016815","26-0016815/13/1","00137746","08802805","10","MONTEREAU","18/06/2026","CROCHET A ROTULE 202390R202395","ETF","29/06/2026"
"26-0016815","26-0016815/14/1","00137746","08802808","10","MONTEREAU","18/06/2026","CROCHET A ROTULE 202390R202398","ETF","29/06/2026"
"26-0016815","26-0016815/15/1","00137746","08803951","20","MONTEREAU","18/06/2026","ANNEAU A EMBOUT FILETE    4389","ETF","29/06/2026"
"26-0016815","26-0016815/16/1","00137746","08804183","20","MONTEREAU","18/06/2026","CHAPE A TIGE FILETEE      4322","ETF","29/06/2026"
"26-0016815","26-0016815/17/1","00137746","08804270","30","MONTEREAU","18/06/2026","CONTREPLAQUE              4114","ETF","29/06/2026"
"26-0016815","26-0016815/18/1","00137746","08804291","25","MONTEREAU","18/06/2026","SUSPENSION SOUPLE     4515R112","ETF","29/06/2026"
"26-0016815","26-0016815/19/1","00137746","08804292","25","MONTEREAU","18/06/2026","SUSPENSION SOUPLE     4515R113","ETF","29/06/2026"
"26-0016815","26-0016815/2/1","00137746","08802412","38","MONTEREAU","18/06/2026","CALE DE REMPLACEMENT      2457","ETF","29/06/2026"
"26-0016815","26-0016815/20/1","00137746","08804448","100","MONTEREAU","18/06/2026","MANCHON TUBU.OBLONG D5   4406","ETF","29/06/2026"
"26-0016815","26-0016815/21/1","00137746","08804485","30","MONTEREAU","18/06/2026","PIECE D'ATTACHE         203071","ETF","29/06/2026"
"26-0016815","26-0016815/22/1","00137746","08804486","10","MONTEREAU","18/06/2026","PIECE D'ATTACHE S/TUBE  204877","ETF","29/06/2026"
"26-0016815","26-0016815/24/1","00137746","08804515","40","MONTEREAU","18/06/2026","PINCE POUR FIL 143MM2     4055","ETF","29/06/2026"
"26-0016815","26-0016815/25/1","00137746","08804643","12","MONTEREAU","18/06/2026","SERRE-TUBE(49) A 2 TETONS 3786","ETF","29/06/2026"
"26-0016815","26-0016815/3/1","00137746","08802478","9","MONTEREAU","18/06/2026","CHAPEAU DE SERRAGE        2236","ETF","29/06/2026"
"26-0016815","26-0016815/31/1","00137746","08805123","34","MONTEREAU","18/06/2026","CAVALIER PR FIL CU.104    5438","ETF","29/06/2026"
"26-0016815","26-0016815/32/1","00137746","08805178","536","MONTEREAU","18/06/2026","CAVALIER CABLE 13_5 A 15  5439","ETF","29/06/2026"
"26-0016815","26-0016815/34/1","00137746","08805283","578","MONTEREAU","18/06/2026","EMBOUT EPAIS. 9 A SERTIR  5475","ETF","29/06/2026"
"26-0016815","26-0016815/35/1","00137746","08805300","998","MONTEREAU","18/06/2026","ETRIER  ""L = 0_200M""      5005","ETF","29/06/2026"
"26-0016815","26-0016815/36/1","00137746","08805323","2","MONTEREAU","18/06/2026","ETRIER  ""L = 0_195M""      5005","ETF","29/06/2026"
"26-0016815","26-0016815/37/1","00137746","08805326","8","MONTEREAU","18/06/2026","ETRIER  ""L = 0_210M""      5005","ETF","29/06/2026"
"26-0016815","26-0016815/38/1","00137746","08805328","7","MONTEREAU","18/06/2026","ETRIER  ""L = 0_220M""      5005","ETF","29/06/2026"
"26-0016815","26-0016815/39/1","00137746","08805329","1","MONTEREAU","18/06/2026","ETRIER  ""L = 0_225M""      5005","ETF","29/06/2026"
"26-0016815","26-0016815/4/1","00137746","08802481","44","MONTEREAU","18/06/2026","CHAPEAU DE SERRAGE        2455","ETF","29/06/2026"
"26-0016815","26-0016815/40/1","00137746","08805332","7","MONTEREAU","18/06/2026","ETRIER  ""L = 0_240M""      5005","ETF","29/06/2026"
"26-0016815","26-0016815/41/1","00137746","08805334","1","MONTEREAU","18/06/2026","ETRIER  ""L = 0_250M""      5005","ETF","29/06/2026"
"26-0016815","26-0016815/42/1","00137746","08805336","7","MONTEREAU","18/06/2026","ETRIER  ""L = 0_260M""      5005","ETF","29/06/2026"
"26-0016815","26-0016815/43/1","00137746","08805339","1","MONTEREAU","18/06/2026","ETRIER  ""L = 0_275M""      5005","ETF","29/06/2026"
"26-0016815","26-0016815/44/1","00137746","08805342","7","MONTEREAU","18/06/2026","ETRIER  ""L = 0_290M""      5005","ETF","29/06/2026"
"26-0016815","26-0016815/45/1","00137746","08805345","1","MONTEREAU","18/06/2026","ETRIER  ""L = 0_305M""      5005","ETF","29/06/2026"
"26-0016815","26-0016815/46/1","00137746","08805652","572","MONTEREAU","18/06/2026","GRIFFE A EMBECQ. POUR FC  5049","ETF","29/06/2026"
"26-0016815","26-0016815/47/1","00137746","08805666","10","MONTEREAU","18/06/2026","GRIFFE A CROCHET (F.C.) 205116","ETF","29/06/2026"
"26-0016815","26-0016815/48/1","00137746","08805715","70","MONTEREAU","18/06/2026","PIECE RAINUREE          205083","ETF","29/06/2026"
"26-0016815","26-0016815/5/1","00137746","08802483","9","MONTEREAU","18/06/2026","CHAPEAU DE SERRAGE        2477","ETF","29/06/2026"
"26-0016815","26-0016815/6/1","00137746","08802525","48","MONTEREAU","18/06/2026","COQUILLE A CHAPE          2452","ETF","29/06/2026"
"26-0016815","26-0016815/7/1","00137746","08802565","100","MONTEREAU","18/06/2026","ETRIER DE 14-44-110     17R120","ETF","29/06/2026"
"26-0016815","26-0016815/8/1","00137746","08802682","10","MONTEREAU","18/06/2026","PINCE TUNNEL 2 GORGES     2466","ETF","29/06/2026"
"26-0016815","26-0016815/9/1","00137746","08802685","34","MONTEREAU","18/06/2026","PINCE A 4 GORGES          2476","ETF","29/06/2026"
"26-0016815","26-0016815/26/1","00138159","08804914","4","MONTEREAU","19/06/2026","TUBE 38-4 L=2_000M   3575R3577","ETF","23/06/2026"
"26-0016814","26-0016814/22/1","00138229","08800606","1","MONTEREAU","23/06/2026","ISOLATEUR CERAMI. SUPPORT  400","ETF","24/06/2026"
"26-0012352","26-0012352/19/1","00138230","08800606","12","CHALETTE","23/06/2026","ISOLATEUR CERAMI. SUPPORT  400","TSO",""
"26-0004342","26-0004342/3/1","00138928","08820483","3","SAMOIS","25/06/2026","POTEAU JHE320B L15_9 GAL221005","HP-ELECT",""
"26-0012345","26-0012345/9/1","00138929","08820483","2","CHALETTE","25/06/2026","POTEAU JHE320B L15_9 GAL221005","TSO",""
"26-0016814","26-0016814/26/1","00139054","08801331","8","MONTEREAU","29/06/2026","MANCHON JONCTION SERT. 914R203","ETF","06/07/2026"
"26-0016814","26-0016814/32/1","00139054","08801856","3","MONTEREAU","29/06/2026","MANCHON EXTRE. F.C. 107 201405","ETF","06/07/2026"
"26-0016822","26-0016822/25/1","00139054","78804042","8","MONTEREAU","29/06/2026","COSSE D'EXTREMITE     6603R301","ETF","06/07/2026"
"26-0016815","26-0016815/23/1","00139296","08804487","10","MONTEREAU","30/06/2026","PIECE D'ATTACHE         204882","ETF","06/07/2026"
"26-0016825","26-0016825/36/1","00139296","08827210","24","MONTEREAU","30/06/2026","CRAPAUD POUR CONSOLE    232747","ETF","06/07/2026"
"26-0012345","26-0012345/3/1","00140104","08413868","24","CHALETTE","02/07/2026","BARRE RONDE D=25MM SECT 490MM2","TSO",""
"26-0018994","26-0018994/8/1","00140232","08800051","2","NEMOURS","06/07/2026","CORNIERE 60X60X6  L305MM 18R02","TSO",""
"26-0015763","26-0015763/10/1","00140917","08823481","14","MONTARGIS","10/07/2026","PIED POUR HAUBAN         30226","URAE",""
"26-0015763","26-0015763/11/1","00140917","08825930","3","MONTARGIS","10/07/2026","PLAT DE LIAISON L=0_38 R.32673","URAE",""
"26-0015763","26-0015763/12/1","00140917","08826701","15","MONTARGIS","10/07/2026","ANNEAU DOUBLE           232861","URAE",""
"26-0015763","26-0015763/13/1","00140917","08826855","8","MONTARGIS","10/07/2026","CHANDELLE DE 300MM      232951","URAE",""
"26-0015763","26-0015763/14/1","00140917","08826860","3","MONTARGIS","10/07/2026","CHANDELLE DE 460MM      232956","URAE",""
"26-0015763","26-0015763/15/1","00140917","08827040","8","MONTARGIS","10/07/2026","CONTREPLAQUE            232966","URAE",""
"26-0015763","26-0015763/16/1","00140917","08827045","6","MONTARGIS","10/07/2026","CONTREPLAQUE            232967","URAE",""
"26-0015763","26-0015763/17/1","00140917","08827110","8","MONTARGIS","10/07/2026","CORPS POUR CHANDELLE    232950","URAE",""
"26-0015763","26-0015763/18/1","00140917","08827120","3","MONTARGIS","10/07/2026","CORPS POUR CHANDELLE    232955","URAE",""
"26-0015763","26-0015763/19/1","00140917","08827220","28","MONTARGIS","10/07/2026","CRAPAUD                 232772","URAE",""
"26-0015763","26-0015763/2/1","00140917","08805283","45","MONTARGIS","10/07/2026","EMBOUT EPAIS. 9 A SERTIR  5475","URAE",""
"26-0015763","26-0015763/21/1","00140917","08838395","10","MONTARGIS","10/07/2026","ETRIER DE 10-61-75      17R076","URAE",""
"26-0015763","26-0015763/22/1","00140917","71635901","200","MONTARGIS","10/07/2026","VIS H_ M10X35 - A4-80","URAE",""
"26-0015763","26-0015763/23/1","00140917","71636748","200","MONTARGIS","10/07/2026","VIS H_ M10X50 - A4-80","URAE",""
"26-0015763","26-0015763/24/1","00140917","71674471","100","MONTARGIS","10/07/2026","ECROU HFR M10 INOX + REVET +CL","URAE",""
"26-0015763","26-0015763/25/1","00140917","71754147","50","MONTARGIS","10/07/2026","AXE D'ARTICULATION TETE 12-55","URAE",""
"26-0015763","26-0015763/3/1","00140917","08805666","45","MONTARGIS","10/07/2026","GRIFFE A CROCHET (F.C.) 205116","URAE",""
"26-0015763","26-0015763/4/1","00140917","08807962","1","MONTARGIS","10/07/2026","TENDEUR A LANTERNE DE 16  8363","URAE",""
"26-0015763","26-0015763/5/1","00140917","08807972","2","MONTARGIS","10/07/2026","TENDEUR A LANTERNE DE 22  8422","URAE",""
"26-0015763","26-0015763/6/1","00140917","08823200","22","MONTARGIS","10/07/2026","DEMI-BRAS MOBILE         30395","URAE",""
"26-0015763","26-0015763/9/1","00140917","08823308","14","MONTARGIS","10/07/2026","CONTREPLAQUE U80 L=190MM 30228","URAE",""
"26-0015765","26-0015765/1/1","00140917","01601642","150","MONTARGIS","10/07/2026","BOULON H_M18-50_2 ECROUS H GAL","URAE",""
"26-0015765","26-0015765/10/1","00140917","01757940","10","MONTARGIS","10/07/2026","AXE D'ARTICULATION TETE 18-50","URAE",""
"26-0015765","26-0015765/11/1","00140917","01758161","10","MONTARGIS","10/07/2026","AXE D'ARTICULATION TETE 20-60","URAE",""
"26-0015765","26-0015765/16/1","00140917","08800062","16","MONTARGIS","10/07/2026","CORNIERE 80X80X8  L280MM 18R43","URAE",""
"26-0015765","26-0015765/17/1","00140917","08800065","28","MONTARGIS","10/07/2026","CORNIERE 80X80X8  L470MM 18R46","URAE",""
"26-0015765","26-0015765/18/1","00140917","08800066","16","MONTARGIS","10/07/2026","CORNIERE 80X80X8  L480MM 18R47","URAE",""
"26-0015765","26-0015765/19/1","00140917","08800220","12","MONTARGIS","10/07/2026","TIGE FILETEE 16-300/100  70R11","URAE",""
"26-0015765","26-0015765/2/1","00140917","01601891","50","MONTARGIS","10/07/2026","BOULON H_M18-180/100_2 ECRS H","URAE",""
"26-0015765","26-0015765/20/1","00140917","08800243","54","MONTARGIS","10/07/2026","TIGE FILETEE 18-300/100  70R22","URAE",""
"26-0015765","26-0015765/22/1","00140917","08800578","2","MONTARGIS","10/07/2026","ISOLATEUR VERRE            355","URAE",""
"26-0015765","26-0015765/23/1","00140917","08800719","2","MONTARGIS","10/07/2026","CROCHET                 200211","URAE",""
"26-0015765","26-0015765/24/1","00140917","08800731","4","MONTARGIS","10/07/2026","DEMI-PINCE FIL ROND_ RAINU 348","URAE",""
"26-0015765","26-0015765/25/1","00140917","08801685","2","MONTARGIS","10/07/2026","MANCHON EXTREMITE BZ65  201365","URAE",""
"26-0015765","26-0015765/26/1","00140917","08801736","4","MONTARGIS","10/07/2026","MANCHON EXTREMITE 116_2 201370","URAE",""
"26-0015765","26-0015765/27/1","00140917","08802440","1","MONTARGIS","10/07/2026","CHAPE D'EXTREMITE         2202","URAE",""
"26-0015765","26-0015765/28/1","00140917","08802646","2","MONTARGIS","10/07/2026","PIECE D'ALLONGEMENT     202389","URAE",""
"26-0015765","26-0015765/29/1","00140917","08802801","10","MONTARGIS","10/07/2026","CROCHET A ROTULE 202390R202391","URAE",""
"26-0015765","26-0015765/3/1","00140917","01602196","40","MONTARGIS","10/07/2026","BOULON H_M20-120_2 ECRS H GALV","URAE",""
"26-0015765","26-0015765/30/1","00140917","08802802","10","MONTARGIS","10/07/2026","CROCHET A ROTULE 202390R202392","URAE",""
"26-0015765","26-0015765/31/1","00140917","08802803","10","MONTARGIS","10/07/2026","CROCHET A ROTULE 202390R202393","URAE",""
"26-0015765","26-0015765/32/1","00140917","08802804","10","MONTARGIS","10/07/2026","CROCHET A ROTULE 202390R202394","URAE",""
"26-0015765","26-0015765/33/1","00140917","08802805","10","MONTARGIS","10/07/2026","CROCHET A ROTULE 202390R202395","URAE",""
"26-0015765","26-0015765/34/1","00140917","08802806","10","MONTARGIS","10/07/2026","CROCHET A ROTULE 202390R202396","URAE",""
"26-0015765","26-0015765/35/1","00140917","08802807","10","MONTARGIS","10/07/2026","CROCHET A ROTULE 202390R202397","URAE",""
"26-0015765","26-0015765/36/1","00140917","08802808","10","MONTARGIS","10/07/2026","CROCHET A ROTULE 202390R202398","URAE",""
"26-0015765","26-0015765/37/1","00140917","08804001","4","MONTARGIS","10/07/2026","BRAS DE RAPPEL 1_04M  3098R101","URAE",""
"26-0015765","26-0015765/38/1","00140917","08804315","4","MONTARGIS","10/07/2026","CROISILLON              204887","URAE",""
"26-0015765","26-0015765/39/1","00140917","08804383","4","MONTARGIS","10/07/2026","ETRIER DE 10-70-70      17R081","URAE",""
"26-0015765","26-0015765/4/1","00140917","01604698","20","MONTARGIS","10/07/2026","BOULON H_M14-130_2 ECRS H GALV","URAE",""
"26-0015765","26-0015765/40/1","00140917","08804500","4","MONTARGIS","10/07/2026","PINCE POUR 1 FIL RAINURE  4000","URAE",""
"26-0015765","26-0015765/41/1","00140917","08804674","4","MONTARGIS","10/07/2026","DEMI-SERRE TUBE A CHAPE   3097","URAE",""
"26-0015765","26-0015765/44/1","00140917","08805178","45","MONTARGIS","10/07/2026","CAVALIER CABLE 13_5 A 15  5439","URAE",""
"26-0015765","26-0015765/5/1","00140917","01604826","40","MONTARGIS","10/07/2026","BOULON H_M16-55_2 ECRS H GALV","URAE",""
"26-0015765","26-0015765/6/1","00140917","01604935","20","MONTARGIS","10/07/2026","BOULON H_M16-130_2 ECROUS H G","URAE",""
"26-0015765","26-0015765/7/1","00140917","01604978","100","MONTARGIS","10/07/2026","BOULON H_M16-180/100_2 ECS H G","URAE",""
"26-0015765","26-0015765/8/1","00140917","01605280","40","MONTARGIS","10/07/2026","BOULON H_M20-130_2 ECROUS H G","URAE",""
"26-0015765","26-0015765/9/1","00140917","01757703","20","MONTARGIS","10/07/2026","AXE D'ARTICULATION TETE 16-50","URAE",""
"26-0020902","26-0020902/2/1","00141070","08804486","1","EMBASE_CMM","10/07/2026","PIECE D'ATTACHE S/TUBE  204877","URAE",""
"26-0018994","26-0018994/10/1","00141072","08800066","4","NEMOURS","10/07/2026","CORNIERE 80X80X8  L480MM 18R47","TSO",""
"26-0004331","26-0004331/18/1","00141073","08800066","17","SAMOIS","10/07/2026","CORNIERE 80X80X8  L480MM 18R47","HP-ELECT",""
"26-0016814","26-0016814/4/1","00141074","08800066","23","MONTEREAU","15/07/2026","CORNIERE 80X80X8  L480MM 18R47","ETF","21/07/2026"
"26-0016816","26-0016816/28/1","00141074","08808282","68","MONTEREAU","15/07/2026","FLASQUE DROIT RENFORCE    8211","ETF","21/07/2026"
"26-0016825","26-0016825/14/1","00141074","08824053","6","MONTEREAU","15/07/2026","CONTREPLAQUE L=0_32M REP.31221","ETF","21/07/2026"
"26-0015763","26-0015763/7/1","00141140","08823256","3","MONTARGIS","10/07/2026","CORPS DE CHAISE L=1_40M  30213","URAE",""
"26-0015765","26-0015765/42/1","00141140","08804977","1","MONTARGIS","10/07/2026","TUBE 49-4_5 L1=3_05M 4905R4908","URAE",""
"26-0022493","26-0022493/1/1","00141571","08820565","20","BOIS_LE_ROI","20/07/2026","PIECE D'ANCRAGE          22155","ETF","06/08/2026"
"26-0022493","26-0022493/11/1","00141571","08822355","94","BOIS_LE_ROI","20/07/2026","FLASQUE COUDE L=0_43 M R.25751","ETF","06/08/2026"
"26-0022493","26-0022493/12/1","00141571","08822385","47","BOIS_LE_ROI","20/07/2026","TUBE ENTRETOISE L=220MM  25752","ETF","06/08/2026"
"26-0022493","26-0022493/13/1","00141571","08822430","20","BOIS_LE_ROI","20/07/2026","CONTREPLAQUE L=550MM     26152","ETF","06/08/2026"
"26-0022493","26-0022493/16/1","00141571","08822850","1","BOIS_LE_ROI","20/07/2026","TRAVERSE                 27705","ETF","06/08/2026"
"26-0022493","26-0022493/17/1","00141571","08823385","24","BOIS_LE_ROI","20/07/2026","CRAPAUD                  30249","ETF","06/08/2026"
"26-0022493","26-0022493/18/1","00141571","08823470","12","BOIS_LE_ROI","20/07/2026","PIED L=790MM             30247","ETF","06/08/2026"
"26-0022493","26-0022493/19/1","00141571","08823482","4","BOIS_LE_ROI","20/07/2026","PIED DE JAMBE 0_32M      31228","ETF","06/08/2026"
"26-0022493","26-0022493/2/1","00141571","08820583","15","BOIS_LE_ROI","20/07/2026","PIECE D'ANCRAGE          22173","ETF","06/08/2026"
"26-0022493","26-0022493/20/1","00141571","08823483","4","BOIS_LE_ROI","20/07/2026","PIED DE CHAISE 0_52M     31227","ETF","06/08/2026"
"26-0022493","26-0022493/21/1","00141571","08823910","4","BOIS_LE_ROI","20/07/2026","VIS A EPAULEMENT 16X78   31244","ETF","06/08/2026"
"26-0022493","26-0022493/22/1","00141571","08823940","4","BOIS_LE_ROI","20/07/2026","CHAPE                    31241","ETF","06/08/2026"
"26-0022493","26-0022493/23/1","00141571","08823970","8","BOIS_LE_ROI","20/07/2026","COLLIER                  31210","ETF","06/08/2026"
"26-0022493","26-0022493/24/1","00141571","08824003","4","BOIS_LE_ROI","20/07/2026","CONTREPLAQUE DE 0_32M    31199","ETF","06/08/2026"
"26-0022493","26-0022493/25/1","00141571","08824053","4","BOIS_LE_ROI","20/07/2026","CONTREPLAQUE L=0_32M REP.31221","ETF","06/08/2026"
"26-0022493","26-0022493/26/1","00141571","08824080","4","BOIS_LE_ROI","20/07/2026","CONTREPLAQUE L=0_16M     31232","ETF","06/08/2026"
"26-0022493","26-0022493/27/1","00141571","08824126","8","BOIS_LE_ROI","20/07/2026","CORPS DE CHAISE      31155R102","ETF","06/08/2026"
"26-0022493","26-0022493/28/1","00141571","08824171","4","BOIS_LE_ROI","20/07/2026","JAMBE DE FORCE     31100R31102","ETF","06/08/2026"
"26-0022493","26-0022493/29/1","00141571","08824220","4","BOIS_LE_ROI","20/07/2026","PATIN A CHAPE DE CHAISE  31231","ETF","06/08/2026"
"26-0022493","26-0022493/3/1","00141571","08820910","40","BOIS_LE_ROI","20/07/2026","ATTACHE FIXE            222753","ETF","06/08/2026"
"26-0022493","26-0022493/30/1","00141571","08824230","4","BOIS_LE_ROI","20/07/2026","PATIN A CHAPE            31236","ETF","06/08/2026"
"26-0022493","26-0022493/31/1","00141571","08824330","4","BOIS_LE_ROI","20/07/2026","POULIE DIAMETRE 114MM    31242","ETF","06/08/2026"
"26-0022493","26-0022493/32/1","00141571","08824980","4","BOIS_LE_ROI","20/07/2026","PINCE POUR ELINGUE       31233","ETF","06/08/2026"
"26-0022493","26-0022493/33/1","00141571","08825930","25","BOIS_LE_ROI","20/07/2026","PLAT DE LIAISON L=0_38 R.32673","ETF","06/08/2026"
"26-0022493","26-0022493/34/1","00141571","08825932","48","BOIS_LE_ROI","20/07/2026","PLAT COUDE L=0_18 REPEEE 32683","ETF","06/08/2026"
"26-0022493","26-0022493/36/1","00141571","08827535","17","BOIS_LE_ROI","20/07/2026","PIECE D ATT.S/CONSOLE    32741","ETF","06/08/2026"
"26-0022493","26-0022493/37/1","00141571","08827540","7","BOIS_LE_ROI","20/07/2026","PIECE D'ATT. S/CONSOLE   32756","ETF","06/08/2026"
"26-0022493","26-0022493/38/1","00141571","08827594","30","BOIS_LE_ROI","20/07/2026","PIECE D'ATTACHE         232864","ETF","06/08/2026"
"26-0022493","26-0022493/39/1","00141571","08827850","24","BOIS_LE_ROI","20/07/2026","BRIDE DE SERRAGE         33960","ETF","06/08/2026"
"26-0022493","26-0022493/4/1","00141571","08820930","12","BOIS_LE_ROI","20/07/2026","CORNIERE DE FIXATION     22835","ETF","06/08/2026"
"26-0022493","26-0022493/5/1","00141571","08820964","2","BOIS_LE_ROI","20/07/2026","PIECE D'ATTACHE          22798","ETF","06/08/2026"
"26-0022684","26-0022684/1/1","00141572","01601642","250","BOIS_LE_ROI","20/07/2026","BOULON H_M18-50_2 ECROUS H GAL","ETF","06/08/2026"
"26-0022684","26-0022684/10/1","00141572","01602410","80","BOIS_LE_ROI","20/07/2026","BOULON H_M22-60_2 ECRS H GALV.","ETF","06/08/2026"
"26-0022684","26-0022684/11/1","00141572","01602416","190","BOIS_LE_ROI","20/07/2026","BOULON H_M22-65_ECROU H GALV.","ETF","06/08/2026"
"26-0022684","26-0022684/12/1","00141572","01602418","110","BOIS_LE_ROI","20/07/2026","BOULON H_M22-70_ECROU H GALV.","ETF","06/08/2026"
"26-0022684","26-0022684/13/1","00141572","01602450","60","BOIS_LE_ROI","20/07/2026","BOULON H_M22-80_ECROU H GALV.","ETF","06/08/2026"
"26-0022684","26-0022684/14/1","00141572","01602464","50","BOIS_LE_ROI","20/07/2026","BOULON H_M22-90/37_ECROU H GAL","ETF","06/08/2026"
"26-0022684","26-0022684/15/1","00141572","01602483","20","BOIS_LE_ROI","20/07/2026","BOULON H_M22-100_ECROU H GALV.","ETF","06/08/2026"
"26-0022684","26-0022684/16/1","00141572","01602769","60","BOIS_LE_ROI","20/07/2026","BOULON H_M24-80_ECROU H GALV.","ETF","06/08/2026"
"26-0022684","26-0022684/17/1","00141572","01602788","30","BOIS_LE_ROI","20/07/2026","BOULON H_M24-90_ECROU H GALV","ETF","06/08/2026"
"26-0022684","26-0022684/18/1","00141572","01604573","125","BOIS_LE_ROI","20/07/2026","BOULON H_M14-40_2 ECROUS GALV","ETF","06/08/2026"
"26-0022684","26-0022684/19/1","00141572","01604584","125","BOIS_LE_ROI","20/07/2026","BOULON H_M14-45_2 ECRS H GALV","ETF","06/08/2026"
"26-0022684","26-0022684/2/1","00141572","01601668","25","BOIS_LE_ROI","20/07/2026","BOULON H_M18-65/25_ECROU H GAL","ETF","06/08/2026"
"26-0022684","26-0022684/21/1","00141572","01604647","25","BOIS_LE_ROI","20/07/2026","BOULON H_M14-70_2 ECRS H GALV","ETF","06/08/2026"
"26-0022684","26-0022684/22/1","00141572","01604653","25","BOIS_LE_ROI","20/07/2026","BOULON H_M14-80_ECROU H","ETF","06/08/2026"
"26-0022684","26-0022684/23/1","00141572","01604663","25","BOIS_LE_ROI","20/07/2026","BOULON H_M14-90_2 ECRS H GALV","ETF","06/08/2026"
"26-0022684","26-0022684/24/1","00141572","01604698","40","BOIS_LE_ROI","20/07/2026","BOULON H_M14-130_2 ECRS H GALV","ETF","06/08/2026"
"26-0022684","26-0022684/25/1","00141572","01604729","60","BOIS_LE_ROI","20/07/2026","BOULON H_M14-180/100_2 E.H G","ETF","06/08/2026"
"26-0022684","26-0022684/26/1","00141572","01604791","160","BOIS_LE_ROI","20/07/2026","BOULON H_M16-45_2 ECRS H GALV","ETF","06/08/2026"
"26-0022684","26-0022684/27/1","00141572","01604851","25","BOIS_LE_ROI","20/07/2026","BOULON H_M16-65_ECROU H GALV","ETF","06/08/2026"
"26-0022684","26-0022684/28/1","00141572","01604875","25","BOIS_LE_ROI","20/07/2026","BOULON H_M16-75_2 ECRS H GALV","ETF","06/08/2026"
"26-0022684","26-0022684/29/1","00141572","01604978","100","BOIS_LE_ROI","20/07/2026","BOULON H_M16-180/100_2 ECS H G","ETF","06/08/2026"
"26-0022684","26-0022684/3/1","00141572","01601707","25","BOIS_LE_ROI","20/07/2026","BOULON H_M18-70_ECROUS H GAL","ETF","06/08/2026"
"26-0022684","26-0022684/30/1","00141572","01605280","80","BOIS_LE_ROI","20/07/2026","BOULON H_M20-130_2 ECROUS H G","ETF","06/08/2026"
"26-0022684","26-0022684/31/1","00141572","01630686","100","BOIS_LE_ROI","20/07/2026","VIS H_ M10X45 - A4-80","ETF","06/08/2026"
"26-0022684","26-0022684/32/1","00141572","01630899","200","BOIS_LE_ROI","20/07/2026","VIS H_ M12X45 - A4-80","ETF","06/08/2026"
"26-0022684","26-0022684/33/1","00141572","01679101","1","BOIS_LE_ROI","20/07/2026","ECROU HFR_ M14 INOX +REVET +CL","ETF","06/08/2026"
"26-0022684","26-0022684/34/1","00141572","01680156","200","BOIS_LE_ROI","20/07/2026","RONDELLE PLATE M14","ETF","06/08/2026"
"26-0022684","26-0022684/35/1","00141572","01757687","100","BOIS_LE_ROI","20/07/2026","AXE D'ARTICULATION TETE 12-40","ETF","06/08/2026"
"26-0022684","26-0022684/36/1","00141572","01757703","30","BOIS_LE_ROI","20/07/2026","AXE D'ARTICULATION TETE 16-50","ETF","06/08/2026"
"26-0022684","26-0022684/37/1","00141572","01757710","70","BOIS_LE_ROI","20/07/2026","AXE D'ARTICULATION TETE 16-60","ETF","06/08/2026"
"26-0022684","26-0022684/38/1","00141572","01757855","10","BOIS_LE_ROI","20/07/2026","AXE D'ARTICUALTION TETE 16-90","ETF","06/08/2026"
"26-0022684","26-0022684/39/1","00141572","01758161","60","BOIS_LE_ROI","20/07/2026","AXE D'ARTICULATION TETE 20-60","ETF","06/08/2026"
"26-0022684","26-0022684/4/1","00141572","01601724","25","BOIS_LE_ROI","20/07/2026","BOULON H_M18-75_ECROU H GALV.","ETF","06/08/2026"
"26-0022684","26-0022684/40/1","00141572","01758180","50","BOIS_LE_ROI","20/07/2026","AXE D'ARTICULATION TETE 20-70","ETF","06/08/2026"
"26-0022684","26-0022684/41/1","00141572","01758219","30","BOIS_LE_ROI","20/07/2026","AXE D'ARTICULATION TETE 20-110","ETF","06/08/2026"
"26-0022684","26-0022684/42/1","00141572","01758365","50","BOIS_LE_ROI","20/07/2026","AXE D'ARTICULATION TETE 24X60","ETF","06/08/2026"
"26-0022684","26-0022684/43/1","00141572","01758367","40","BOIS_LE_ROI","20/07/2026","AXE D'ARTICULATION TETE 24-70","ETF","06/08/2026"
"26-0022684","26-0022684/44/1","00141572","01932935","100","BOIS_LE_ROI","20/07/2026","COLLIER HOP INOX9 20-35","ETF","06/08/2026"
"26-0022684","26-0022684/5/1","00141572","01601761","25","BOIS_LE_ROI","20/07/2026","BOULON H_M18-90_ECROU H GALV.","ETF","06/08/2026"
"26-0022684","26-0022684/6/1","00141572","01601838","25","BOIS_LE_ROI","20/07/2026","BOULON H_M18-130_2 ECRS H GALV","ETF","06/08/2026"
"26-0022684","26-0022684/7/1","00141572","01601905","25","BOIS_LE_ROI","20/07/2026","BOULON H_M18-200_2 ECRS H GALV","ETF","06/08/2026"
"26-0022684","26-0022684/8/1","00141572","01601988","20","BOIS_LE_ROI","20/07/2026","BOULON H_M20-55_2 ECR H GALV.","ETF","06/08/2026"
"26-0022684","26-0022684/9/1","00141572","01602035","140","BOIS_LE_ROI","20/07/2026","BOULON H_M20-70_2 ECRS H GALV.","ETF","06/08/2026"
"26-0022512","26-0022512/1/1","00141573","01758161","60","THOMERY","20/07/2026","AXE D'ARTICULATION TETE 20-60","ETF",""
"26-0022512","26-0022512/10/1","00141573","08824330","6","THOMERY","20/07/2026","POULIE DIAMETRE 114MM    31242","ETF",""
"26-0022512","26-0022512/11/1","00141573","78804068","6","THOMERY","20/07/2026","RACCORD DERIVATION    6603R607","ETF",""
"26-0022512","26-0022512/12/1","00141573","01604791","160","THOMERY","20/07/2026","BOULON H_M16-45_2 ECRS H GALV","ETF",""
"26-0022512","26-0022512/13/1","00141573","08800222","48","THOMERY","20/07/2026","TIGE FILETEE 16-350/100  70R12","ETF",""
"26-0022512","26-0022512/14/1","00141573","08806805","24","THOMERY","20/07/2026","DEMI-GRIFFE               6511","ETF",""
"26-0022512","26-0022512/15/1","00141573","08806819","36","THOMERY","20/07/2026","DEMI-GRIFFE SERRAGE   6604R304","ETF",""
"26-0022512","26-0022512/16/1","00141573","08808434","7","THOMERY","20/07/2026","TIGE A OEIL DE 20 REP.8235","ETF",""
"26-0022512","26-0022512/17/1","00141573","08838705","4","THOMERY","20/07/2026","TENDEUR A LANTERNE 10   208059","ETF",""
"26-0022512","26-0022512/18/1","00141573","01602035","80","THOMERY","20/07/2026","BOULON H_M20-70_2 ECRS H GALV.","ETF",""
"26-0022512","26-0022512/19/1","00141573","08805123","86","THOMERY","20/07/2026","CAVALIER PR FIL CU.104    5438","ETF",""
"26-0022512","26-0022512/2/1","00141573","01602788","50","THOMERY","20/07/2026","BOULON H_M24-90_ECROU H GALV","ETF",""
"26-0022512","26-0022512/20/1","00141573","08804183","29","THOMERY","20/07/2026","CHAPE A TIGE FILETEE      4322","ETF",""
"26-0022512","26-0022512/22/1","00141573","01758180","40","THOMERY","20/07/2026","AXE D'ARTICULATION TETE 20-70","ETF",""
"26-0022512","26-0022512/23/1","00141573","08824053","6","THOMERY","20/07/2026","CONTREPLAQUE L=0_32M REP.31221","ETF",""
"26-0022512","26-0022512/24/1","00141573","08802481","36","THOMERY","20/07/2026","CHAPEAU DE SERRAGE        2455","ETF",""
"26-0022512","26-0022512/25/1","00141573","08800071","6","THOMERY","20/07/2026","CORNIERE 80X80X8  L950MM 18R52","ETF",""
"26-0022512","26-0022512/26/1","00141573","08804392","36","THOMERY","20/07/2026","ETRIER DE 10-45-50      17R238","ETF",""
"26-0022512","26-0022512/28/1","00141573","08806825","40","THOMERY","20/07/2026","DEMI GRIFFE DE SERRAGE    6530","ETF",""
"26-0022512","26-0022512/29/1","00141573","78824011","6","THOMERY","20/07/2026","ENTRETOISE               31164","ETF",""
"26-0022512","26-0022512/3/1","00141573","08823970","12","THOMERY","20/07/2026","COLLIER                  31210","ETF",""
"26-0022512","26-0022512/30/1","00141573","01604584","125","THOMERY","20/07/2026","BOULON H_M14-45_2 ECRS H GALV","ETF",""
"26-0022512","26-0022512/31/1","00141573","08820930","8","THOMERY","20/07/2026","CORNIERE DE FIXATION     22835","ETF",""
"26-0022512","26-0022512/32/1","00141573","08806810","20","THOMERY","20/07/2026","DEMI-GRIFFE               6517","ETF",""
"26-0022512","26-0022512/33/1","00141573","01602769","30","THOMERY","20/07/2026","BOULON H_M24-80_ECROU H GALV.","ETF",""
"26-0022512","26-0022512/34/1","00141573","08801932","5","THOMERY","20/07/2026","CORPS DE PINCE            1776","ETF",""
"26-0022512","26-0022512/35/1","00141573","08802383","18","THOMERY","20/07/2026","BRIDE DE SERRAGE          2478","ETF",""
"26-0022512","26-0022512/36/1","00141573","01602464","20","THOMERY","20/07/2026","BOULON H_M22-90/37_ECROU H GAL","ETF",""
"26-0022512","26-0022512/37/1","00141573","08800202","40","THOMERY","20/07/2026","TIGE FILETEE 14-300/100  70R02","ETF",""
"26-0022512","26-0022512/39/1","00141573","01605280","20","THOMERY","20/07/2026","BOULON H_M20-130_2 ECROUS H G","ETF",""
"26-0022512","26-0022512/4/1","00141573","08802751","36","THOMERY","20/07/2026","PLAQUETTE DE SERRAGE      2456","ETF",""
"26-0022512","26-0022512/40/1","00141573","08800204","30","THOMERY","20/07/2026","TIGE FILETEE 14-350/100  70R03","ETF",""
"26-0022512","26-0022512/41/1","00141573","08802409","18","THOMERY","20/07/2026","CALE DE REMPLACEMENT      2479","ETF",""
"26-0022512","26-0022512/42/1","00141573","08824003","6","THOMERY","20/07/2026","CONTREPLAQUE DE 0_32M    31199","ETF",""
"26-0022512","26-0022512/43/1","00141573","08802770","36","THOMERY","20/07/2026","ANNEAU A ROTULE DE 16     2451","ETF",""
"26-0022512","26-0022512/44/1","00141573","01932935","100","THOMERY","20/07/2026","COLLIER HOP INOX9 20-35","ETF",""
"26-0022512","26-0022512/45/1","00141573","01758200","20","THOMERY","20/07/2026","AXE D'ARTICULATION TETE 20-90","ETF",""
"26-0022512","26-0022512/46/1","00141573","08823910","6","THOMERY","20/07/2026","VIS A EPAULEMENT 16X78   31244","ETF",""
"26-0022512","26-0022512/47/1","00141573","08802483","18","THOMERY","20/07/2026","CHAPEAU DE SERRAGE        2477","ETF",""
"26-0022512","26-0022512/48/1","00141573","08806868","8","THOMERY","20/07/2026","DEMI-GRIFFE               6526","ETF",""
"26-0022512","26-0022512/49/1","00141573","08802190","20","THOMERY","20/07/2026","OEILLET A ROTULE DE 20    2106","ETF",""
"26-0022512","26-0022512/5/1","00141573","08804643","11","THOMERY","20/07/2026","SERRE-TUBE(49) A 2 TETONS 3786","ETF",""
"26-0022512","26-0022512/6/1","00141573","08827850","20","THOMERY","20/07/2026","BRIDE DE SERRAGE         33960","ETF",""
"26-0022512","26-0022512/7/1","00141573","08824980","6","THOMERY","20/07/2026","PINCE POUR ELINGUE       31233","ETF",""
"26-0022512","26-0022512/8/1","00141573","78824010","12","THOMERY","20/07/2026","DEMI-BRAS MOBILE         31163","ETF",""
"26-0022512","26-0022512/9/1","00141573","01602450","50","THOMERY","20/07/2026","BOULON H_M22-80_ECROU H GALV.","ETF",""
"26-0006519","26-0006519/14/1","00141784","08800062","24","EMBASE_VTR","21/07/2026","CORNIERE 80X80X8  L280MM 18R43","URAE",""
"26-0006519","26-0006519/15/1","00141784","08800063","6","EMBASE_VTR","21/07/2026","CORNIERE 80X80X8  L400MM 18R44","URAE",""
"26-0006519","26-0006519/16/1","00141784 / 00142301","08800064","36","EMBASE_VTR","21/07/2026","CORNIERE 80X80X8  L400MM 18R45","URAE",""
"26-0006519","26-0006519/17/1","00141784","08800065","12","EMBASE_VTR","21/07/2026","CORNIERE 80X80X8  L470MM 18R46","URAE",""
"26-0006519","26-0006519/18/1","00141784","08800066","13","EMBASE_VTR","21/07/2026","CORNIERE 80X80X8  L480MM 18R47","URAE",""
"26-0006519","26-0006519/19/1","00141784","08800082","6","EMBASE_VTR","21/07/2026","CORNIERE100X100X10 L520MM18R73","URAE",""
"26-0006519","26-0006519/22/1","00141784","08822355","12","EMBASE_VTR","21/07/2026","FLASQUE COUDE L=0_43 M R.25751","URAE",""
"26-0006519","26-0006519/23/1","00141784","08822385","6","EMBASE_VTR","21/07/2026","TUBE ENTRETOISE L=220MM  25752","URAE",""
"26-0006519","26-0006519/24/1","00141784","08822430","6","EMBASE_VTR","21/07/2026","CONTREPLAQUE L=550MM     26152","URAE",""
"26-0006519","26-0006519/27/1","00141784","08823200","18","EMBASE_VTR","21/07/2026","DEMI-BRAS MOBILE         30395","URAE",""
"26-0006519","26-0006519/30/1","00141784","08825930","9","EMBASE_VTR","21/07/2026","PLAT DE LIAISON L=0_38 R.32673","URAE",""
"26-0006519","26-0006519/31/1","00141784","08825932","12","EMBASE_VTR","21/07/2026","PLAT COUDE L=0_18 REPEEE 32683","URAE",""
"26-0006519","26-0006519/32/1","00141784","08826701","8","EMBASE_VTR","21/07/2026","ANNEAU DOUBLE           232861","URAE",""
"26-0006519","26-0006519/33/1","00141784","08826850","1","EMBASE_VTR","21/07/2026","CHANDELLE DE 210MM      232931","URAE",""
"26-0006519","26-0006519/34/1","00141784","08826855","1","EMBASE_VTR","21/07/2026","CHANDELLE DE 300MM      232951","URAE",""
"26-0006519","26-0006519/35/1","00141784","08826860","1","EMBASE_VTR","21/07/2026","CHANDELLE DE 460MM      232956","URAE",""
"26-0006519","26-0006519/36/1","00141784","08827035","1","EMBASE_VTR","21/07/2026","CONTREPLAQUE            232965","URAE",""
"26-0006519","26-0006519/37/1","00141784","08827040","1","EMBASE_VTR","21/07/2026","CONTREPLAQUE            232966","URAE",""
"26-0006519","26-0006519/38/1","00141784","08827045","2","EMBASE_VTR","21/07/2026","CONTREPLAQUE            232967","URAE",""
"26-0006519","26-0006519/39/1","00141784","08827100","1","EMBASE_VTR","21/07/2026","CORPS POUR CHANDELLE    232930","URAE",""
"26-0006519","26-0006519/40/1","00141784","08827110","1","EMBASE_VTR","21/07/2026","CORPS POUR CHANDELLE    232950","URAE",""
"26-0006519","26-0006519/41/1","00141784","08827120","1","EMBASE_VTR","21/07/2026","CORPS POUR CHANDELLE    232955","URAE",""
"26-0006519","26-0006519/44/1","00141784","08827535","1","EMBASE_VTR","21/07/2026","PIECE D ATT.S/CONSOLE    32741","URAE",""
"26-0006519","26-0006519/45/1","00141784","08827592","10","EMBASE_VTR","21/07/2026","PIECE D'ATTACHE         232862","URAE",""
"26-0006519","26-0006519/46/1","00141784","08827593","40","EMBASE_VTR","21/07/2026","PIECE D'ATTACHE         232863","URAE",""
"26-0006519","26-0006519/47/1","00141784","08833687","18","EMBASE_VTR","21/07/2026","CROISILLON A CHAPE      204997","URAE",""
"26-0006519","26-0006519/48/1","00141784","08838395","260","EMBASE_VTR","21/07/2026","ETRIER DE 10-61-75      17R076","URAE",""
"26-0006519","26-0006519/49/1","00141784","08827593","10","EMBASE_VTR","21/07/2026","PIECE D'ATTACHE         232863","URAE",""
"26-0006519","26-0006519/50/1","00141784","08838395","30","EMBASE_VTR","21/07/2026","ETRIER DE 10-61-75      17R076","URAE",""
"26-0022496","26-0022496/1/1","00141789","08828805","11","BOIS_LE_ROI","21/07/2026","PIECE DE REGLAGE         37605","ETF","03/08/2026"
"26-0022496","26-0022496/10/1","00141789","08838388","44","BOIS_LE_ROI","21/07/2026","ETRIER DE 10-33-60      17R224","ETF","03/08/2026"
"26-0022496","26-0022496/11/1","00141789","08838395","120","BOIS_LE_ROI","21/07/2026","ETRIER DE 10-61-75      17R076","ETF","03/08/2026"
"26-0022496","26-0022496/12/1","00141789","08838705","4","BOIS_LE_ROI","21/07/2026","TENDEUR A LANTERNE 10   208059","ETF","03/08/2026"
"26-0022496","26-0022496/13/1","00141789","08845751","9","BOIS_LE_ROI","21/07/2026","FERRURE                 215687","ETF","03/08/2026"
"26-0022496","26-0022496/14/1","00141789","08845860","3","BOIS_LE_ROI","21/07/2026","PLATINE A CHAPE         215712","ETF","03/08/2026"
"26-0022496","26-0022496/15/1","00141789","08856040","4","BOIS_LE_ROI","21/07/2026","ETRIER DE 10-40-50      17R052","ETF","03/08/2026"
"26-0022496","26-0022496/16/1","00141789","71634875","200","BOIS_LE_ROI","21/07/2026","VIS H_ M10X30 - A4-80","ETF","03/08/2026"
"26-0022496","26-0022496/17/1","00141789","71635901","1400","BOIS_LE_ROI","21/07/2026","VIS H_ M10X35 - A4-80","ETF","03/08/2026"
"26-0022496","26-0022496/18/1","00141789","71636748","200","BOIS_LE_ROI","21/07/2026","VIS H_ M10X50 - A4-80","ETF","03/08/2026"
"26-0022496","26-0022496/19/1","00141789","71674471","2100","BOIS_LE_ROI","21/07/2026","ECROU HFR M10 INOX + REVET +CL","ETF","03/08/2026"
"26-0022496","26-0022496/20/1","00141789","71674602","400","BOIS_LE_ROI","21/07/2026","ECROU HFR M12 INOX + REVET +CL","ETF","03/08/2026"
"26-0022496","26-0022496/21/1","00141789","71754147","50","BOIS_LE_ROI","21/07/2026","AXE D'ARTICULATION TETE 12-55","ETF","03/08/2026"
"26-0022496","26-0022496/22/1","00141789","78800005","12","BOIS_LE_ROI","21/07/2026","PLAQUE SUPPORT            7380","ETF","03/08/2026"
"26-0022496","26-0022496/24/1","00141789","78804047","4","BOIS_LE_ROI","21/07/2026","COSSE D'EXTREMITE     6603R306","ETF","03/08/2026"
"26-0022496","26-0022496/25/1","00141789","78804068","4","BOIS_LE_ROI","21/07/2026","RACCORD DERIVATION    6603R607","ETF","03/08/2026"
"26-0022496","26-0022496/27/1","00141789","78824010","16","BOIS_LE_ROI","21/07/2026","DEMI-BRAS MOBILE         31163","ETF","03/08/2026"
"26-0022496","26-0022496/28/1","00141789","78824011","8","BOIS_LE_ROI","21/07/2026","ENTRETOISE               31164","ETF","03/08/2026"
"26-0022496","26-0022496/29/1","00141789","78824012","16","BOIS_LE_ROI","21/07/2026","CONTREPLAQUE SER. BRAS   31167","ETF","03/08/2026"
"26-0022496","26-0022496/30/1","00141789","08828800","8","BOIS_LE_ROI","21/07/2026","PIECE DE REGLAGE         37606","ETF","03/08/2026"
"26-0022496","26-0022496/5/1","00141789","08832370","10","BOIS_LE_ROI","21/07/2026","CHAPEAU SERRAGE         202428","ETF","03/08/2026"
"26-0022496","26-0022496/6/1","00141789","08832420","6","BOIS_LE_ROI","21/07/2026","ETRIER DE 10-27-45      17R030","ETF","03/08/2026"
"26-0022496","26-0022496/7/1","00141789","08832490","3","BOIS_LE_ROI","21/07/2026","PIECE INTERMEDIAIRE     202427","ETF","03/08/2026"
"26-0022496","26-0022496/8/1","00141789","08832508","3","BOIS_LE_ROI","21/07/2026","PINCE 1 PORTEUR 93_3    202425","ETF","03/08/2026"
"26-0022496","26-0022496/9/1","00141789","08838200","10","BOIS_LE_ROI","21/07/2026","CHAPE DOUBLE D'ANCRAGE  208077","ETF","03/08/2026"
"26-0006520","26-0006520/1/1","00141970","01601642","100","EMBASE_VTR","23/07/2026","BOULON H_M18-50_2 ECROUS H GAL","URAE",""
"26-0006520","26-0006520/10/1","00141970","01602483","10","EMBASE_VTR","23/07/2026","BOULON H_M22-100_ECROU H GALV.","URAE",""
"26-0006520","26-0006520/11/1","00141970","01602769","10","EMBASE_VTR","23/07/2026","BOULON H_M24-80_ECROU H GALV.","URAE",""
"26-0006520","26-0006520/12/1","00141970","01604584","300","EMBASE_VTR","23/07/2026","BOULON H_M14-45_2 ECRS H GALV","URAE",""
"26-0006520","26-0006520/13/1","00141970","01604698","20","EMBASE_VTR","23/07/2026","BOULON H_M14-130_2 ECRS H GALV","URAE",""
"26-0006520","26-0006520/14/1","00141970","01604791","60","EMBASE_VTR","23/07/2026","BOULON H_M16-45_2 ECRS H GALV","URAE",""
"26-0006520","26-0006520/15/1","00141970","01604935","20","EMBASE_VTR","23/07/2026","BOULON H_M16-130_2 ECROUS H G","URAE",""
"26-0006520","26-0006520/16/1","00141970","01604978","50","EMBASE_VTR","23/07/2026","BOULON H_M16-180/100_2 ECS H G","URAE",""
"26-0006520","26-0006520/17/1","00141970","01605280","20","EMBASE_VTR","23/07/2026","BOULON H_M20-130_2 ECROUS H G","URAE",""
"26-0006520","26-0006520/18/1","00141970","01630890","100","EMBASE_VTR","23/07/2026","VIS H_ M12X40 - A4-80","URAE",""
"26-0006520","26-0006520/19/1","00141970","01630899","100","EMBASE_VTR","23/07/2026","VIS H_ M12X45 - A4-80","URAE",""
"26-0006520","26-0006520/2/1","00141970","01601891","50","EMBASE_VTR","23/07/2026","BOULON H_M18-180/100_2 ECRS H","URAE",""
"26-0006520","26-0006520/20/1","00141970","01630971","25","EMBASE_VTR","23/07/2026","VIS H_ M12X130 - A4-80","URAE",""
"26-0006520","26-0006520/21/1","00141970","01757703","10","EMBASE_VTR","23/07/2026","AXE D'ARTICULATION TETE 16-50","URAE",""
"26-0006520","26-0006520/22/1","00141970","01757710","10","EMBASE_VTR","23/07/2026","AXE D'ARTICULATION TETE 16-60","URAE",""
"26-0006520","26-0006520/23/1","00141970","01758161","20","EMBASE_VTR","23/07/2026","AXE D'ARTICULATION TETE 20-60","URAE",""
"26-0006520","26-0006520/24/1","00141970","01758180","10","EMBASE_VTR","23/07/2026","AXE D'ARTICULATION TETE 20-70","URAE",""
"26-0006520","26-0006520/25/1","00141970","01758200","10","EMBASE_VTR","23/07/2026","AXE D'ARTICULATION TETE 20-90","URAE",""
"26-0006520","26-0006520/26/1","00141970","01758219","10","EMBASE_VTR","23/07/2026","AXE D'ARTICULATION TETE 20-110","URAE",""
"26-0006520","26-0006520/27/1","00141970","01758365","10","EMBASE_VTR","23/07/2026","AXE D'ARTICULATION TETE 24X60","URAE",""
"26-0006520","26-0006520/28/1","00141970","01758367","20","EMBASE_VTR","23/07/2026","AXE D'ARTICULATION TETE 24-70","URAE",""
"26-0006520","26-0006520/29/1","00141970","08800204","10","EMBASE_VTR","23/07/2026","TIGE FILETEE 14-350/100  70R03","URAE",""
"26-0006520","26-0006520/3/1","00141970","01602035","360","EMBASE_VTR","23/07/2026","BOULON H_M20-70_2 ECRS H GALV.","URAE",""
"26-0006520","26-0006520/30/1","00141970","08800208","4","EMBASE_VTR","23/07/2026","TIGE FILETEE 14-450/100  70R05","URAE",""
"26-0006520","26-0006520/31/1","00141970","08800222","16","EMBASE_VTR","23/07/2026","TIGE FILETEE 16-350/100  70R12","URAE",""
"26-0006520","26-0006520/32/1","00141970","08800224","20","EMBASE_VTR","23/07/2026","TIGE FILETEE 16-400/100  70R13","URAE",""
"26-0006520","26-0006520/33/1","00141970","08800243","26","EMBASE_VTR","23/07/2026","TIGE FILETEE 18-300/100  70R22","URAE",""
"26-0006520","26-0006520/34/1","00141970","08800244","8","EMBASE_VTR","23/07/2026","TIGE FILETEE 18-350/350  70R24","URAE",""
"26-0006520","26-0006520/35/1","00141970","08800252","6","EMBASE_VTR","23/07/2026","TIGE FILETEE 20-350/350  70R31","URAE",""
"26-0006520","26-0006520/36/1","00141970","08800256","24","EMBASE_VTR","23/07/2026","TIGE FILETEE 20-450/100  70R33","URAE",""
"26-0006520","26-0006520/37/1","00141970","08800268","4","EMBASE_VTR","23/07/2026","TIGE FILETEE 22-350/100  70R40","URAE",""
"26-0006520","26-0006520/39/1","00141970","08800576","13","EMBASE_VTR","23/07/2026","ISOLATEUR VERRE A SEMELLE  350","URAE",""
"26-0006520","26-0006520/4/1","00141970","01602196","20","EMBASE_VTR","23/07/2026","BOULON H_M20-120_2 ECRS H GALV","URAE",""
"26-0006520","26-0006520/40/1","00141970","08800578","26","EMBASE_VTR","23/07/2026","ISOLATEUR VERRE            355","URAE",""
"26-0006520","26-0006520/41/1","00141970","08800585","52","EMBASE_VTR","23/07/2026","ISOLATEUR VERRE CAP/TIG 200268","URAE",""
"26-0006520","26-0006520/42/1","00141970","08800719","13","EMBASE_VTR","23/07/2026","CROCHET                 200211","URAE",""
"26-0006520","26-0006520/43/1","00141970","08800731","4","EMBASE_VTR","23/07/2026","DEMI-PINCE FIL ROND_ RAINU 348","URAE",""
"26-0006520","26-0006520/44/1","00141970","08800738","6","EMBASE_VTR","23/07/2026","ETRIER DE 10-50-65      17R064","URAE",""
"26-0006520","26-0006520/45/1","00141970","08801736","18","EMBASE_VTR","23/07/2026","MANCHON EXTREMITE 116_2 201370","URAE",""
"26-0006520","26-0006520/46/1","00141970","08801905","16","EMBASE_VTR","23/07/2026","PINCE D'ANCRAGE           1754","URAE",""
"26-0006520","26-0006520/47/1","00141970","08802383","7","EMBASE_VTR","23/07/2026","BRIDE DE SERRAGE          2478","URAE",""
"26-0006520","26-0006520/48/1","00141970","08802409","7","EMBASE_VTR","23/07/2026","CALE DE REMPLACEMENT      2479","URAE",""
"26-0006520","26-0006520/49/1","00141970","08802412","13","EMBASE_VTR","23/07/2026","CALE DE REMPLACEMENT      2457","URAE",""
"26-0006520","26-0006520/5/1","00141970","01602410","30","EMBASE_VTR","23/07/2026","BOULON H_M22-60_2 ECRS H GALV.","URAE",""
"26-0006520","26-0006520/50/1","00141970","08802481","13","EMBASE_VTR","23/07/2026","CHAPEAU DE SERRAGE        2455","URAE",""
"26-0006520","26-0006520/6/1","00141970","01602416","30","EMBASE_VTR","23/07/2026","BOULON H_M22-65_ECROU H GALV.","URAE",""
"26-0006520","26-0006520/7/1","00141970","01602443","20","EMBASE_VTR","23/07/2026","BOULON H_M22-75_2 ECRS H GALV.","URAE",""
"26-0006520","26-0006520/8/1","00141970","01602450","10","EMBASE_VTR","23/07/2026","BOULON H_M22-80_ECROU H GALV.","URAE",""
"26-0006520","26-0006520/9/1","00141970","01602476","10","EMBASE_VTR","23/07/2026","BOULON H_M22-90_ECROU H GALV.","URAE",""
"26-0022492","26-0022492/10/1","00141979","08800069","7","BOIS_LE_ROI","22/07/2026","CORNIERE 80X80X8  L740MM 18R50","ETF","06/08/2026"
"26-0022492","26-0022492/11/1","00141979","08800082","20","BOIS_LE_ROI","22/07/2026","CORNIERE100X100X10 L520MM18R73","ETF","06/08/2026"
"26-0022492","26-0022492/12/1","00141979","08800083","12","BOIS_LE_ROI","22/07/2026","CORNIERE100X100X10 L660MM18R74","ETF","06/08/2026"
"26-0022492","26-0022492/13/1","00141979","08800086","6","BOIS_LE_ROI","22/07/2026","CORNIERE100X100X10 L980MM18R77","ETF","06/08/2026"
"26-0022492","26-0022492/15/1","00141979","08800208","26","BOIS_LE_ROI","22/07/2026","TIGE FILETEE 14-450/100  70R05","ETF","06/08/2026"
"26-0022492","26-0022492/16/1","00141979","08800220","96","BOIS_LE_ROI","22/07/2026","TIGE FILETEE 16-300/100  70R11","ETF","06/08/2026"
"26-0022492","26-0022492/17/1","00141979","08800243","200","BOIS_LE_ROI","22/07/2026","TIGE FILETEE 18-300/100  70R22","ETF","06/08/2026"
"26-0022492","26-0022492/18/1","00141979","08800245","24","BOIS_LE_ROI","22/07/2026","TIGE FILETEE 18-400/100  78R25","ETF","06/08/2026"
"26-0022492","26-0022492/19/1","00141979","08800252","47","BOIS_LE_ROI","22/07/2026","TIGE FILETEE 20-350/350  70R31","ETF","06/08/2026"
"26-0022492","26-0022492/20/1","00141979","08800563","4","BOIS_LE_ROI","22/07/2026","ISOLATEUR CERAMI. A CAPOT  330","ETF","06/08/2026"
"26-0022492","26-0022492/21/1","00141979","08800576","57","BOIS_LE_ROI","22/07/2026","ISOLATEUR VERRE A SEMELLE  350","ETF","06/08/2026"
"26-0022492","26-0022492/22/1","00141979","08800578","111","BOIS_LE_ROI","22/07/2026","ISOLATEUR VERRE            355","ETF","06/08/2026"
"26-0022492","26-0022492/23/1","00141979","08800585","100","BOIS_LE_ROI","22/07/2026","ISOLATEUR VERRE CAP/TIG 200268","ETF","06/08/2026"
"26-0022492","26-0022492/24/1","00141979","08800593","50","BOIS_LE_ROI","22/07/2026","ISOLATEUR A CAPOT ET TIGE  295","ETF","06/08/2026"
"26-0022492","26-0022492/25/1","00141979","08800595","24","BOIS_LE_ROI","22/07/2026","ISOLATEUR A CAPOT ET TIGE  290","ETF","06/08/2026"
"26-0022492","26-0022492/27/1","00141979","08800668","4","BOIS_LE_ROI","22/07/2026","ISOLANT CORPS DE CHAISE    731","ETF","06/08/2026"
"26-0022492","26-0022492/29/1","00141979","08801208","4","BOIS_LE_ROI","22/07/2026","MANCHON D'ANCRAGE BZ116   1370","ETF","06/08/2026"
"26-0022492","26-0022492/30/1","00141979","08801685","8","BOIS_LE_ROI","22/07/2026","MANCHON EXTREMITE BZ65  201365","ETF","06/08/2026"
"26-0022492","26-0022492/31/1","00141979","08801720","4","BOIS_LE_ROI","22/07/2026","MANCHON EXTREMITE 93_3  201420","ETF","06/08/2026"
"26-0022492","26-0022492/32/1","00141979","08801736","68","BOIS_LE_ROI","22/07/2026","MANCHON EXTREMITE 116_2 201370","ETF","06/08/2026"
"26-0022492","26-0022492/33/1","00141979","08801862","4","BOIS_LE_ROI","22/07/2026","MANCHON EXTREMITE 143   201407","ETF","06/08/2026"
"26-0022492","26-0022492/34/1","00141979","08801905","122","BOIS_LE_ROI","22/07/2026","PINCE D'ANCRAGE           1754","ETF","06/08/2026"
"26-0022492","26-0022492/35/1","00141979","08801930","2","BOIS_LE_ROI","22/07/2026","CORPS DE PINCE            1771","ETF","06/08/2026"
"26-0022492","26-0022492/36/1","00141979","08801932","11","BOIS_LE_ROI","22/07/2026","CORPS DE PINCE            1776","ETF","06/08/2026"
"26-0022492","26-0022492/37/1","00141979","08802187","8","BOIS_LE_ROI","22/07/2026","OEILLET A ROTULE DE 16    2126","ETF","06/08/2026"
"26-0022492","26-0022492/38/1","00141979","08802190","10","BOIS_LE_ROI","22/07/2026","OEILLET A ROTULE DE 20    2106","ETF","06/08/2026"
"26-0022492","26-0022492/39/1","00141979","08802267","30","BOIS_LE_ROI","22/07/2026","HALTERE DE 16X90          2131","ETF","06/08/2026"
"26-0022492","26-0022492/40/1","00141979","08802270","10","BOIS_LE_ROI","22/07/2026","HALTERE DE 20X110         2111","ETF","06/08/2026"
"26-0022492","26-0022492/41/1","00141979","08802383","50","BOIS_LE_ROI","22/07/2026","BRIDE DE SERRAGE          2478","ETF","06/08/2026"
"26-0022492","26-0022492/42/1","00141979","08802412","50","BOIS_LE_ROI","22/07/2026","CALE DE REMPLACEMENT      2457","ETF","06/08/2026"
"26-0022492","26-0022492/43/1","00141979","08802478","4","BOIS_LE_ROI","22/07/2026","CHAPEAU DE SERRAGE        2236","ETF","06/08/2026"
"26-0022492","26-0022492/44/1","00141979","08802481","50","BOIS_LE_ROI","22/07/2026","CHAPEAU DE SERRAGE        2455","ETF","06/08/2026"
"26-0022492","26-0022492/45/1","00141979","08802483","50","BOIS_LE_ROI","22/07/2026","CHAPEAU DE SERRAGE        2477","ETF","06/08/2026"
"26-0022492","26-0022492/46/1","00141979","08802525","50","BOIS_LE_ROI","22/07/2026","COQUILLE A CHAPE          2452","ETF","06/08/2026"
"26-0022492","26-0022492/47/1","00141979","08802565","1500","BOIS_LE_ROI","22/07/2026","ETRIER DE 14-44-110     17R120","ETF","06/08/2026"
"26-0022492","26-0022492/48/1","00141979","08802685","50","BOIS_LE_ROI","22/07/2026","PINCE A 4 GORGES          2476","ETF","06/08/2026"
"26-0022492","26-0022492/49/1","00141979","08802751","50","BOIS_LE_ROI","22/07/2026","PLAQUETTE DE SERRAGE      2456","ETF","06/08/2026"
"26-0022492","26-0022492/50/1","00141979","08800200","200","BOIS_LE_ROI","22/07/2026","TIGE FILETEE 14-250/250  70R01","ETF","06/08/2026"
"26-0022492","26-0022492/7/1","00141979","08800065","100","BOIS_LE_ROI","22/07/2026","CORNIERE 80X80X8  L470MM 18R46","ETF","06/08/2026"
"26-0022492","26-0022492/8/1","00141979","08800066","17","BOIS_LE_ROI","22/07/2026","CORNIERE 80X80X8  L480MM 18R47","ETF","06/08/2026"
"26-0022491","26-0022491/1/1","00141980","08802801","50","BOIS_LE_ROI","22/07/2026","CROCHET A ROTULE 202390R202391","ETF","06/08/2026"
"26-0022491","26-0022491/10/1","00141980","08804643","57","BOIS_LE_ROI","22/07/2026","SERRE-TUBE(49) A 2 TETONS 3786","ETF","06/08/2026"
"26-0022491","26-0022491/13/1","00141980","08805123","577","BOIS_LE_ROI","22/07/2026","CAVALIER PR FIL CU.104    5438","ETF","06/08/2026"
"26-0022491","26-0022491/14/1","00141980","08805178","587","BOIS_LE_ROI","22/07/2026","CAVALIER CABLE 13_5 A 15  5439","ETF","06/08/2026"
"26-0022491","26-0022491/15/1","00141980","08805300","100","BOIS_LE_ROI","22/07/2026","ETRIER  ""L = 0_200M""      5005","ETF","06/08/2026"
"26-0022491","26-0022491/16/1","00141980","08805652","100","BOIS_LE_ROI","22/07/2026","GRIFFE A EMBECQ. POUR FC  5049","ETF","06/08/2026"
"26-0022491","26-0022491/17/1","00141980","08806700","8","BOIS_LE_ROI","22/07/2026","CAVALIER CABLE 104_5MM2   6646","ETF","06/08/2026"
"26-0022491","26-0022491/18/1","00141980","08806767","8","BOIS_LE_ROI","22/07/2026","COSSE A PLAGE DEPORTEE    6787","ETF","06/08/2026"
"26-0022491","26-0022491/19/1","00141980","08806769","8","BOIS_LE_ROI","22/07/2026","RACCORD DROIT (BAR. CU25)  942","ETF","06/08/2026"
"26-0022491","26-0022491/20/1","00141980","08806805","16","BOIS_LE_ROI","22/07/2026","DEMI-GRIFFE               6511","ETF","06/08/2026"
"26-0022491","26-0022491/21/1","00141980","08806812","8","BOIS_LE_ROI","22/07/2026","DEMI-GRIFFE CUIVRE    6604R406","ETF","06/08/2026"
"26-0022491","26-0022491/22/1","00141980","08806816","16","BOIS_LE_ROI","22/07/2026","DEMI-GRIFFE SERRAGE   6604R301","ETF","06/08/2026"
"26-0022491","26-0022491/23/1","00141980","08806825","16","BOIS_LE_ROI","22/07/2026","DEMI GRIFFE DE SERRAGE    6530","ETF","06/08/2026"
"26-0022491","26-0022491/24/1","00141980","08806901","8","BOIS_LE_ROI","22/07/2026","DEMI-GRIFFE PENDULEE      6645","ETF","06/08/2026"
"26-0022491","26-0022491/26/1","00141980","08807966","4","BOIS_LE_ROI","22/07/2026","TENDEUR A LANTERNE 18 MM  8418","ETF","06/08/2026"
"26-0022491","26-0022491/27/1","00141980","08807972","55","BOIS_LE_ROI","22/07/2026","TENDEUR A LANTERNE DE 22  8422","ETF","06/08/2026"
"26-0022491","26-0022491/28/1","00141980","08807977","28","BOIS_LE_ROI","22/07/2026","TENDEUR A LANTERNE DE 27  8427","ETF","06/08/2026"
"26-0022491","26-0022491/29/1","00141980","08807980","4","BOIS_LE_ROI","22/07/2026","TENDEUR A LANTERNE DE 30  8369","ETF","06/08/2026"
"26-0022491","26-0022491/3/1","00141980","08804077","114","BOIS_LE_ROI","22/07/2026","BRAS DE RAPPEL   204795R204796","ETF","06/08/2026"
"26-0022491","26-0022491/30/1","00141980","08808130","11","BOIS_LE_ROI","22/07/2026","CHAPE PR PINCE D'ANCRAGE  8228","ETF","06/08/2026"
"26-0022491","26-0022491/31/1","00141980","08808133","2","BOIS_LE_ROI","22/07/2026","CHAPE PR PINCE D'ANCRAGE  8229","ETF","06/08/2026"
"26-0022491","26-0022491/32/1","00141980","08808145","21","BOIS_LE_ROI","22/07/2026","CHAPE DOUBLE D'ANCRAGE  208080","ETF","06/08/2026"
"26-0022491","26-0022491/33/1","00141980","08808241","8","BOIS_LE_ROI","22/07/2026","ETRIER DE 10-30-50      17R222","ETF","06/08/2026"
"26-0022491","26-0022491/34/1","00141980","08808262","54","BOIS_LE_ROI","22/07/2026","ETRIER DE 10-61-80      17R077","ETF","06/08/2026"
"26-0022491","26-0022491/35/1","00141980","08808268","57","BOIS_LE_ROI","22/07/2026","ETRIER DE 12-68-75      17R109","ETF","06/08/2026"
"26-0022491","26-0022491/36/1","00141980","08808280","280","BOIS_LE_ROI","22/07/2026","FLASQUE DROIT ENTRAXE 80  8210","ETF","06/08/2026"
"26-0022491","26-0022491/37/1","00141980","08808282","24","BOIS_LE_ROI","22/07/2026","FLASQUE DROIT RENFORCE    8211","ETF","06/08/2026"
"26-0022491","26-0022491/38/1","00141980","08808285","34","BOIS_LE_ROI","22/07/2026","FLASQUE COUDE             8212","ETF","06/08/2026"
"26-0022491","26-0022491/39/1","00141980","08808320","4","BOIS_LE_ROI","22/07/2026","PALONNIER TYPE COURT      8220","ETF","06/08/2026"
"26-0022491","26-0022491/4/1","00141980","08804183","54","BOIS_LE_ROI","22/07/2026","CHAPE A TIGE FILETEE      4322","ETF","06/08/2026"
"26-0022491","26-0022491/40/1","00141980","08808323","4","BOIS_LE_ROI","22/07/2026","PALONNIER TYPE LONG       8222","ETF","06/08/2026"
"26-0022491","26-0022491/41/1","00141980","08808434","17","BOIS_LE_ROI","22/07/2026","TIGE A OEIL DE 20 REP.8235","ETF","06/08/2026"
"26-0022491","26-0022491/42/1","00141980","08808440","4","BOIS_LE_ROI","22/07/2026","TIGE A OEILS DIAM.27MM    8236","ETF","06/08/2026"
"26-0022491","26-0022491/43/1","00141980","08815595","12","BOIS_LE_ROI","22/07/2026","CHAPEAU                 215622","ETF","06/08/2026"
"26-0022491","26-0022491/44/1","00141980","08815680","24","BOIS_LE_ROI","22/07/2026","ETRIER DE 10-35-45      17R043","ETF","06/08/2026"
"26-0022491","26-0022491/45/1","00141980","08815775","12","BOIS_LE_ROI","22/07/2026","PINCE DE SUSPENSION     215624","ETF","06/08/2026"
"26-0022491","26-0022491/5/1","00141980","08804392","80","BOIS_LE_ROI","22/07/2026","ETRIER DE 10-45-50      17R238","ETF","06/08/2026"
"26-0022491","26-0022491/6/1","00141980","08804485","30","BOIS_LE_ROI","22/07/2026","PIECE D'ATTACHE         203071","ETF","06/08/2026"
"26-0022491","26-0022491/8/1","00141980","08804500","114","BOIS_LE_ROI","22/07/2026","PINCE POUR 1 FIL RAINURE  4000","ETF","06/08/2026"
"26-0022491","26-0022491/9/1","00141980","08804511","60","BOIS_LE_ROI","22/07/2026","PINCE POUR FIL 104MM2     4050","ETF","06/08/2026"
"26-0006519","26-0006519/10/1","00142059","08822125","1","EMBASE_VTR","21/07/2026","CONSOLE L=5_30M    25255R25320","URAE",""
"26-0006519","26-0006519/11/1","00142059","08822130","2","EMBASE_VTR","21/07/2026","CONSOLE L=6_00M    25255R25330","URAE",""
"26-0006519","26-0006519/25/1","00142059","08822780","2","EMBASE_VTR","21/07/2026","CORPS DE CONSOLE 0_850M  27550","URAE",""
"26-0006519","26-0006519/26/1","00142059","08822785","1","EMBASE_VTR","21/07/2026","CORPS DE CONSOLE 1_300M  27560","URAE",""
"26-0006519","26-0006519/28/1","00142059","08823256","5","EMBASE_VTR","21/07/2026","CORPS DE CHAISE L=1_40M  30213","URAE",""
"26-0006519","26-0006519/3/1","00142059","08821805","2","EMBASE_VTR","21/07/2026","CONSOLE DROITE L=7_50M   25710","URAE",""
"26-0006519","26-0006519/4/1","00142059","08821815","1","EMBASE_VTR","21/07/2026","CONSOLE DROITE L=9_10M   25730","URAE",""
"26-0006519","26-0006519/5/1","00142059","08822035","1","EMBASE_VTR","21/07/2026","CONSOLE DROITE L=3_70M  R25210","URAE",""
"26-0006519","26-0006519/6/1","00142059","08822040","1","EMBASE_VTR","21/07/2026","CONSOLE DROITE L=4_00M  R25220","URAE",""
"26-0006519","26-0006519/7/1","00142059","08822045","1","EMBASE_VTR","21/07/2026","CONSOLE DROITE L=4_50M  R25230","URAE",""
"26-0006519","26-0006519/8/1","00142059","08822115","2","EMBASE_VTR","21/07/2026","CONSOLE  L=4_50M   25255R25300","URAE",""
"26-0006519","26-0006519/9/1","00142059","08822120","1","EMBASE_VTR","21/07/2026","CONSOLE L=5_00M    25255R25310","URAE",""
"26-0006521","26-0006521/1/1","00142133","08802483","7","EMBASE_VTR","23/07/2026","CHAPEAU DE SERRAGE        2477","URAE",""
"26-0006521","26-0006521/10/1","00142133","08802808","10","EMBASE_VTR","23/07/2026","CROCHET A ROTULE 202390R202398","URAE",""
"26-0006521","26-0006521/12/1","00142133","08804077","8","EMBASE_VTR","23/07/2026","BRAS DE RAPPEL   204795R204796","URAE",""
"26-0006521","26-0006521/13/1","00142133","08804084","18","EMBASE_VTR","23/07/2026","BRAS RAPPEL COUDE  JG1432/3086","URAE",""
"26-0006521","26-0006521/14/1","00142133","08804094","9","EMBASE_VTR","23/07/2026","DEMI-BRIDE A EMBOUT     204506","URAE",""
"26-0006521","26-0006521/15/1","00142133","08804183","13","EMBASE_VTR","23/07/2026","CHAPE A TIGE FILETEE      4322","URAE",""
"26-0006521","26-0006521/16/1","00142133","08804270","20","EMBASE_VTR","23/07/2026","CONTREPLAQUE              4114","URAE",""
"26-0006521","26-0006521/17/1","00142133","08804452","2","EMBASE_VTR","23/07/2026","MANCHON DE BLOCAGE      204158","URAE",""
"26-0006521","26-0006521/18/1","00142133","08804485","20","EMBASE_VTR","23/07/2026","PIECE D'ATTACHE         203071","URAE",""
"26-0006521","26-0006521/2/1","00142133","08802525","13","EMBASE_VTR","23/07/2026","COQUILLE A CHAPE          2452","URAE",""
"26-0006521","26-0006521/21/1","00142133","08804500","26","EMBASE_VTR","23/07/2026","PINCE POUR 1 FIL RAINURE  4000","URAE",""
"26-0006521","26-0006521/22/1","00142133","08804515","20","EMBASE_VTR","23/07/2026","PINCE POUR FIL 143MM2     4055","URAE",""
"26-0006521","26-0006521/23/1","00142133","08804642","2","EMBASE_VTR","23/07/2026","SERRE-TUBE(38) A 2 TETONS 3785","URAE",""
"26-0006521","26-0006521/25/1","00142133","08804650","9","EMBASE_VTR","23/07/2026","ATTACHE A CHAPES          3057","URAE",""
"26-0006521","26-0006521/26/1","00142133","08804782","2","EMBASE_VTR","23/07/2026","TIGE DE REGLAGE      3840R3842","URAE",""
"26-0006521","26-0006521/3/1","00142133","08802565","40","EMBASE_VTR","23/07/2026","ETRIER DE 14-44-110     17R120","URAE",""
"26-0006521","26-0006521/32/1","00142133","08807972","9","EMBASE_VTR","23/07/2026","TENDEUR A LANTERNE DE 22  8422","URAE",""
"26-0006521","26-0006521/33/1","00142133","08807974","2","EMBASE_VTR","23/07/2026","TENDEUR A LANTERNE DE 24  8367","URAE",""
"26-0006521","26-0006521/34/1","00142133","08807977","6","EMBASE_VTR","23/07/2026","TENDEUR A LANTERNE DE 27  8427","URAE",""
"26-0006521","26-0006521/35/1","00142133","08808262","29","EMBASE_VTR","23/07/2026","ETRIER DE 10-61-80      17R077","URAE",""
"26-0006521","26-0006521/36/1","00142133","08808267","2","EMBASE_VTR","23/07/2026","ETRIER DE 12-57-65      17R106","URAE",""
"26-0006521","26-0006521/37/1","00142133","08808268","2","EMBASE_VTR","23/07/2026","ETRIER DE 12-68-75      17R109","URAE",""
"26-0006521","26-0006521/38/1","00142133","08808280","30","EMBASE_VTR","23/07/2026","FLASQUE DROIT ENTRAXE 80  8210","URAE",""
"26-0006521","26-0006521/39/1","00142133","08808285","1","EMBASE_VTR","23/07/2026","FLASQUE COUDE             8212","URAE",""
"26-0006521","26-0006521/4/1","00142133","08802646","3","EMBASE_VTR","23/07/2026","PIECE D'ALLONGEMENT     202389","URAE",""
"26-0006521","26-0006521/40/1","00142133","08820583","4","EMBASE_VTR","23/07/2026","PIECE D'ANCRAGE          22173","URAE",""
"26-0006521","26-0006521/41/1","00142133","08820910","10","EMBASE_VTR","23/07/2026","ATTACHE FIXE            222753","URAE",""
"26-0006521","26-0006521/42/1","00142133","08820958","3","EMBASE_VTR","23/07/2026","PIECE D'ATTACHE          22788","URAE",""
"26-0006521","26-0006521/43/1","00142133","71635901","200","EMBASE_VTR","23/07/2026","VIS H_ M10X35 - A4-80","URAE",""
"26-0006521","26-0006521/44/1","00142133","71636748","200","EMBASE_VTR","23/07/2026","VIS H_ M10X50 - A4-80","URAE",""
"26-0006521","26-0006521/45/1","00142133","71674471","200","EMBASE_VTR","23/07/2026","ECROU HFR M10 INOX + REVET +CL","URAE",""
"26-0006521","26-0006521/46/1","00142133","71674602","100","EMBASE_VTR","23/07/2026","ECROU HFR M12 INOX + REVET +CL","URAE",""
"26-0006521","26-0006521/47/1","00142133","71754147","50","EMBASE_VTR","23/07/2026","AXE D'ARTICULATION TETE 12-55","URAE",""
"26-0006521","26-0006521/48/1","00142133","79520830","20","EMBASE_VTR","23/07/2026","COSSE BIMETAL CU/AL DE 95-12_5","URAE",""
"26-0006521","26-0006521/5/1","00142133","08802685","13","EMBASE_VTR","23/07/2026","PINCE A 4 GORGES          2476","URAE",""
"26-0006521","26-0006521/6/1","00142133","08802751","13","EMBASE_VTR","23/07/2026","PLAQUETTE DE SERRAGE      2456","URAE",""
"26-0006521","26-0006521/7/1","00142133","08802801","20","EMBASE_VTR","23/07/2026","CROCHET A ROTULE 202390R202391","URAE",""
"26-0006521","26-0006521/8/1","00142133","08802805","10","EMBASE_VTR","23/07/2026","CROCHET A ROTULE 202390R202395","URAE",""
"26-0006521","26-0006521/9/1","00142133","08802806","10","EMBASE_VTR","23/07/2026","CROCHET A ROTULE 202390R202396","URAE",""
"26-0022505","26-0022505/14/1","00142136","08800563","6","THOMERY","23/07/2026","ISOLATEUR CERAMI. A CAPOT  330","ETF","06/08/2026"
"26-0022505","26-0022505/15/1","00142136","08804077","52","THOMERY","23/07/2026","BRAS DE RAPPEL   204795R204796","ETF","06/08/2026"
"26-0022505","26-0022505/16/1","00142136","08800578","55","THOMERY","23/07/2026","ISOLATEUR VERRE            355","ETF","06/08/2026"
"26-0022505","26-0022505/17/1","00142136","08800606","8","THOMERY","23/07/2026","ISOLATEUR CERAMI. SUPPORT  400","ETF","06/08/2026"
"26-0022505","26-0022505/18/1","00142136","08801736","60","THOMERY","23/07/2026","MANCHON EXTREMITE 116_2 201370","ETF","06/08/2026"
"26-0022505","26-0022505/19/1","00142136","08801905","54","THOMERY","23/07/2026","PINCE D'ANCRAGE           1754","ETF","06/08/2026"
"26-0022505","26-0022505/21/1","00142136","08807972","47","THOMERY","23/07/2026","TENDEUR A LANTERNE DE 22  8422","ETF","06/08/2026"
"26-0022505","26-0022505/22/1","00142136","71674471","1200","THOMERY","23/07/2026","ECROU HFR M10 INOX + REVET +CL","ETF","06/08/2026"
"26-0022505","26-0022505/23/1","00142136","08802685","28","THOMERY","23/07/2026","PINCE A 4 GORGES          2476","ETF","06/08/2026"
"26-0022505","26-0022505/27/1","00142136","08800585","72","THOMERY","23/07/2026","ISOLATEUR VERRE CAP/TIG 200268","ETF","06/08/2026"
"26-0022505","26-0022505/28/1","00142136","08805178","562","THOMERY","23/07/2026","CAVALIER CABLE 13_5 A 15  5439","ETF","06/08/2026"
"26-0022505","26-0022505/29/1","00142136","78800005","6","THOMERY","23/07/2026","PLAQUE SUPPORT            7380","ETF","06/08/2026"
"26-0022505","26-0022505/34/1","00142136","08800576","26","THOMERY","23/07/2026","ISOLATEUR VERRE A SEMELLE  350","ETF","06/08/2026"
"26-0022505","26-0022505/35/1","00142136","08800593","10","THOMERY","23/07/2026","ISOLATEUR A CAPOT ET TIGE  295","ETF","06/08/2026"
"26-0022505","26-0022505/36/1","00142136","08820565","17","THOMERY","23/07/2026","PIECE D'ANCRAGE          22155","ETF","06/08/2026"
"26-0022505","26-0022505/38/1","00142136","08823482","6","THOMERY","23/07/2026","PIED DE JAMBE 0_32M      31228","ETF","06/08/2026"
"26-0022505","26-0022505/40/1","00142136","08827545","6","THOMERY","23/07/2026","PIECE D'ATT. S/CONSOLE   32771","ETF","06/08/2026"
"26-0022505","26-0022505/41/1","00142136","08808282","42","THOMERY","23/07/2026","FLASQUE DROIT RENFORCE    8211","ETF","06/08/2026"
"26-0022505","26-0022505/42/1","00142136","71674602","400","THOMERY","23/07/2026","ECROU HFR M12 INOX + REVET +CL","ETF","06/08/2026"
"26-0022505","26-0022505/6/1","00142136","08800595","42","THOMERY","23/07/2026","ISOLATEUR A CAPOT ET TIGE  290","ETF","06/08/2026"
"26-0022505","26-0022505/7/1","00142136","08800668","6","THOMERY","23/07/2026","ISOLANT CORPS DE CHAISE    731","ETF","06/08/2026"
"26-0022511","26-0022511/1/1","00142137","08823483","6","THOMERY","23/07/2026","PIED DE CHAISE 0_52M     31227","ETF","06/08/2026"
"26-0022511","26-0022511/10/1","00142137","01602418","110","THOMERY","23/07/2026","BOULON H_M22-70_ECROU H GALV.","ETF","06/08/2026"
"26-0022511","26-0022511/11/1","00142137","08802463","36","THOMERY","23/07/2026","CHAPE DOUBLE DATTACHE     2337","ETF","06/08/2026"
"26-0022511","26-0022511/12/1","00142137","08825930","24","THOMERY","23/07/2026","PLAT DE LIAISON L=0_38 R.32673","ETF","06/08/2026"
"26-0022511","26-0022511/13/1","00142137","08808280","80","THOMERY","23/07/2026","FLASQUE DROIT ENTRAXE 80  8210","ETF","06/08/2026"
"26-0022511","26-0022511/14/1","00142137","08804782","15","THOMERY","23/07/2026","TIGE DE REGLAGE      3840R3842","ETF","06/08/2026"
"26-0022511","26-0022511/15/1","00142137","08801862","7","THOMERY","23/07/2026","MANCHON EXTREMITE 143   201407","ETF","06/08/2026"
"26-0022511","26-0022511/16/1","00142137","08802682","8","THOMERY","23/07/2026","PINCE TUNNEL 2 GORGES     2466","ETF","06/08/2026"
"26-0022511","26-0022511/18/1","00142137","08808323","7","THOMERY","23/07/2026","PALONNIER TYPE LONG       8222","ETF","06/08/2026"
"26-0022511","26-0022511/2/1","00142137","08820583","17","THOMERY","23/07/2026","PIECE D'ANCRAGE          22173","ETF","06/08/2026"
"26-0022511","26-0022511/20/1","00142137","08804500","52","THOMERY","23/07/2026","PINCE POUR 1 FIL RAINURE  4000","ETF","06/08/2026"
"26-0022511","26-0022511/21/1","00142137","08807977","7","THOMERY","23/07/2026","TENDEUR A LANTERNE DE 27  8427","ETF","06/08/2026"
"26-0022511","26-0022511/22/1","00142137","08820910","30","THOMERY","23/07/2026","ATTACHE FIXE            222753","ETF","06/08/2026"
"26-0022511","26-0022511/23/1","00142137","08828800","13","THOMERY","23/07/2026","PIECE DE REGLAGE         37606","ETF","06/08/2026"
"26-0022511","26-0022511/24/1","00142137","08807980","7","THOMERY","23/07/2026","TENDEUR A LANTERNE DE 30  8369","ETF","06/08/2026"
"26-0022511","26-0022511/25/1","00142137","08801208","7","THOMERY","23/07/2026","MANCHON D'ANCRAGE BZ116   1370","ETF","06/08/2026"
"26-0022511","26-0022511/26/1","00142137","08806901","16","THOMERY","23/07/2026","DEMI-GRIFFE PENDULEE      6645","ETF","06/08/2026"
"26-0022511","26-0022511/27/1","00142137","08800244","60","THOMERY","23/07/2026","TIGE FILETEE 18-350/350  70R24","ETF","06/08/2026"
"26-0022511","26-0022511/29/1","00142137","08827851","8","THOMERY","23/07/2026","BRIDE DE SERRAGE  REPERE 33963","ETF","06/08/2026"
"26-0022511","26-0022511/30/1","00142137","08804485","30","THOMERY","23/07/2026","PIECE D'ATTACHE         203071","ETF","06/08/2026"
"26-0022511","26-0022511/31/1","00142137","08800300","8","THOMERY","23/07/2026","TIGE FILETEE 27-1000/300 70R60","ETF","06/08/2026"
"26-0022511","26-0022511/32/1","00142137","08806814","12","THOMERY","23/07/2026","DEMI-GRIFFE CUIVRE    6604R408","ETF","06/08/2026"
"26-0022511","26-0022511/33/1","00142137","08806767","8","THOMERY","23/07/2026","COSSE A PLAGE DEPORTEE    6787","ETF","06/08/2026"
"26-0022511","26-0022511/34/1","00142137","08804642","15","THOMERY","23/07/2026","SERRE-TUBE(38) A 2 TETONS 3785","ETF","06/08/2026"
"26-0022511","26-0022511/35/1","00142137","08802565","90","THOMERY","23/07/2026","ETRIER DE 14-44-110     17R120","ETF","06/08/2026"
"26-0022511","26-0022511/36/1","00142137","71635901","800","THOMERY","23/07/2026","VIS H_ M10X35 - A4-80","ETF","06/08/2026"
"26-0022511","26-0022511/37/1","00142137","08824220","6","THOMERY","23/07/2026","PATIN A CHAPE DE CHAISE  31231","ETF","06/08/2026"
"26-0022511","26-0022511/38/1","00142137","01604729","60","THOMERY","23/07/2026","BOULON H_M14-180/100_2 E.H G","ETF","06/08/2026"
"26-0022511","26-0022511/39/1","00142137","08808285","13","THOMERY","23/07/2026","FLASQUE COUDE             8212","ETF","06/08/2026"
"26-0022511","26-0022511/41/1","00142137","08828842","10","THOMERY","23/07/2026","SEMELLE APPUI POUR ANCR. 37620","ETF","06/08/2026"
"26-0022511","26-0022511/42/1","00142137","78804047","6","THOMERY","23/07/2026","COSSE D'EXTREMITE     6603R306","ETF","06/08/2026"
"26-0022511","26-0022511/43/1","00142137","08824230","6","THOMERY","23/07/2026","PATIN A CHAPE            31236","ETF","06/08/2026"
"26-0022511","26-0022511/44/1","00142137","01604862","120","THOMERY","23/07/2026","BOULON H_M16-70_ECROU H GALV","ETF","06/08/2026"
"26-0022511","26-0022511/45/1","00142137","08802412","36","THOMERY","23/07/2026","CALE DE REMPLACEMENT      2457","ETF","06/08/2026"
"26-0022511","26-0022511/46/1","00142137","01679101","1","THOMERY","23/07/2026","ECROU HFR_ M14 INOX +REVET +CL","ETF","06/08/2026"
"26-0022511","26-0022511/47/1","00142137","08808440","7","THOMERY","23/07/2026","TIGE A OEILS DIAM.27MM    8236","ETF","06/08/2026"
"26-0022511","26-0022511/48/1","00142137","08804452","15","THOMERY","23/07/2026","MANCHON DE BLOCAGE      204158","ETF","06/08/2026"
"26-0022511","26-0022511/49/1","00142137","08808320","7","THOMERY","23/07/2026","PALONNIER TYPE COURT      8220","ETF","06/08/2026"
"26-0022511","26-0022511/5/1","00142137","08827593","30","THOMERY","23/07/2026","PIECE D'ATTACHE         232863","ETF","06/08/2026"
"26-0022511","26-0022511/6/1","00142137","08804515","40","THOMERY","23/07/2026","PINCE POUR FIL 143MM2     4055","ETF","06/08/2026"
"26-0022511","26-0022511/7/1","00142137","08808145","14","THOMERY","23/07/2026","CHAPE DOUBLE D'ANCRAGE  208080","ETF","06/08/2026"
"26-0022511","26-0022511/9/1","00142137","08802525","36","THOMERY","23/07/2026","COQUILLE A CHAPE          2452","ETF","06/08/2026"
"26-0022625","26-0022625/1/1","00142138","08808130","5","THOMERY","23/07/2026","CHAPE PR PINCE D'ANCRAGE  8228","ETF","06/08/2026"
"26-0022625","26-0022625/10/1","00142138","08806809","6","THOMERY","23/07/2026","DEMI-GRIFFE CUIVRE    6604R404","ETF","06/08/2026"
"26-0022625","26-0022625/11/1","00142138","01601838","25","THOMERY","23/07/2026","BOULON H_M18-130_2 ECRS H GALV","ETF","06/08/2026"
"26-0022625","26-0022625/12/1","00142138","08802270","20","THOMERY","23/07/2026","HALTERE DE 20X110         2111","ETF","06/08/2026"
"26-0022625","26-0022625/13/1","00142138","08838395","50","THOMERY","23/07/2026","ETRIER DE 10-61-75      17R076","ETF","06/08/2026"
"26-0022625","26-0022625/14/1","00142138","08828552","8","THOMERY","23/07/2026","CUVETTE POUR ANCRAGE     37623","ETF","06/08/2026"
"26-0022625","26-0022625/15/1","00142138","08806701","16","THOMERY","23/07/2026","CAVALIER CABLE 147MM2     6647","ETF","06/08/2026"
"26-0022625","26-0022625/16/1","00142138","71934906","50","THOMERY","23/07/2026","COLLIER DE SERRAGE","ETF","06/08/2026"
"26-0022625","26-0022625/17/1","00142138","08828805","2","THOMERY","23/07/2026","PIECE DE REGLAGE         37605","ETF","06/08/2026"
"26-0022625","26-0022625/18/1","00142138","71634875","200","THOMERY","23/07/2026","VIS H_ M10X30 - A4-80","ETF","06/08/2026"
"26-0022625","26-0022625/19/1","00142138","08800738","48","THOMERY","23/07/2026","ETRIER DE 10-50-65      17R064","ETF","06/08/2026"
"26-0022625","26-0022625/2/1","00142138","71636748","200","THOMERY","23/07/2026","VIS H_ M10X50 - A4-80","ETF","06/08/2026"
"26-0022625","26-0022625/20/1","00142138","01630899","100","THOMERY","23/07/2026","VIS H_ M12X45 - A4-80","ETF","06/08/2026"
"26-0022625","26-0022625/21/1","00142138","08800731","22","THOMERY","23/07/2026","DEMI-PINCE FIL ROND_ RAINU 348","ETF","06/08/2026"
"26-0022625","26-0022625/22/1","00142138","08824080","6","THOMERY","23/07/2026","CONTREPLAQUE L=0_16M     31232","ETF","06/08/2026"
"26-0022625","26-0022625/23/1","00142138","01758219","10","THOMERY","23/07/2026","AXE D'ARTICULATION TETE 20-110","ETF","06/08/2026"
"26-0022625","26-0022625/24/1","00142138","01757855","20","THOMERY","23/07/2026","AXE D'ARTICUALTION TETE 16-90","ETF","06/08/2026"
"26-0022625","26-0022625/25/1","00142138","01757710","20","THOMERY","23/07/2026","AXE D'ARTICULATION TETE 16-60","ETF","06/08/2026"
"26-0022625","26-0022625/26/1","00142138","08800208","12","THOMERY","23/07/2026","TIGE FILETEE 14-450/100  70R05","ETF","06/08/2026"
"26-0022625","26-0022625/27/1","00142138","01630686","100","THOMERY","23/07/2026","VIS H_ M10X45 - A4-80","ETF","06/08/2026"
"26-0022625","26-0022625/28/1","00142138","08806845","4","THOMERY","23/07/2026","DEMI-GRIFFE               6556","ETF","06/08/2026"
"26-0022625","26-0022625/29/1","00142138","01604875","25","THOMERY","23/07/2026","BOULON H_M16-75_2 ECRS H GALV","ETF","06/08/2026"
"26-0022625","26-0022625/3/1","00142138","08823940","6","THOMERY","23/07/2026","CHAPE                    31241","ETF","06/08/2026"
"26-0022625","26-0022625/30/1","00142138","01602483","10","THOMERY","23/07/2026","BOULON H_M22-100_ECROU H GALV.","ETF","06/08/2026"
"26-0022625","26-0022625/31/1","00142138","01604709","20","THOMERY","23/07/2026","BOULON H_M14-140_2 ECRS H GALV","ETF","06/08/2026"
"26-0022625","26-0022625/32/1","00142138","08802478","6","THOMERY","23/07/2026","CHAPEAU DE SERRAGE        2236","ETF","06/08/2026"
"26-0022625","26-0022625/33/1","00142138","08808267","15","THOMERY","23/07/2026","ETRIER DE 12-57-65      17R106","ETF","06/08/2026"
"26-0022625","26-0022625/34/1","00142138","01604653","25","THOMERY","23/07/2026","BOULON H_M14-80_ECROU H","ETF","06/08/2026"
"26-0022625","26-0022625/35/1","00142138","01604647","25","THOMERY","23/07/2026","BOULON H_M14-70_2 ECRS H GALV","ETF","06/08/2026"
"26-0022625","26-0022625/36/1","00142138","08806820","4","THOMERY","23/07/2026","DEMI-GRIFFE PRINCIPALE    6529","ETF","06/08/2026"
"26-0022625","26-0022625/37/1","00142138","08808268","11","THOMERY","23/07/2026","ETRIER DE 12-68-75      17R109","ETF","06/08/2026"
"26-0022625","26-0022625/38/1","00142138","08802267","10","THOMERY","23/07/2026","HALTERE DE 16X90          2131","ETF","06/08/2026"
"26-0022625","26-0022625/39/1","00142138","01680156","200","THOMERY","23/07/2026","RONDELLE PLATE M14","ETF","06/08/2026"
"26-0022625","26-0022625/40/1","00142138","01604573","25","THOMERY","23/07/2026","BOULON H_M14-40_2 ECROUS GALV","ETF","06/08/2026"
"26-0022625","26-0022625/41/1","00142138","08800270","2","THOMERY","23/07/2026","TIGE FILETEE 22-450/100  70R41","ETF","06/08/2026"
"26-0022625","26-0022625/42/1","00142138","01757703","10","THOMERY","23/07/2026","AXE D'ARTICULATION TETE 16-50","ETF","06/08/2026"
"26-0022625","26-0022625/43/1","00142138","08808262","11","THOMERY","23/07/2026","ETRIER DE 10-61-80      17R077","ETF","06/08/2026"
"26-0022625","26-0022625/44/1","00142138","08856040","6","THOMERY","23/07/2026","ETRIER DE 10-40-50      17R052","ETF","06/08/2026"
"26-0022625","26-0022625/5/1","00142138","78824012","12","THOMERY","23/07/2026","CONTREPLAQUE SER. BRAS   31167","ETF","06/08/2026"
"26-0022625","26-0022625/6/1","00142138","08838388","20","THOMERY","23/07/2026","ETRIER DE 10-33-60      17R224","ETF","06/08/2026"
"26-0022625","26-0022625/7/1","00142138","08800220","24","THOMERY","23/07/2026","TIGE FILETEE 16-300/100  70R11","ETF","06/08/2026"
"26-0006521","26-0006521/27/1","00142186","08804913","2","EMBASE_VTR","22/07/2026","TUBE 38-4 L=1_500M   3575R3576","URAE",""
"26-0006521","26-0006521/28/1","00142186","08804964","6","EMBASE_VTR","22/07/2026","TUBE 49-4_5 L1=2_45M 4905R4906","URAE",""
"26-0006521","26-0006521/30/1","00142186","08804976","4","EMBASE_VTR","22/07/2026","TUBE 49-4_5 L1=2_75M 4905R4907","URAE",""
"26-0006521","26-0006521/31/1","00142186","08804979","1","EMBASE_VTR","22/07/2026","TUBE 49-4_5 L1=3_65M 4905R4910","URAE",""
"26-0022491","26-0022491/12/1","00142189","08804979","3","BOIS_LE_ROI","22/07/2026","TUBE 49-4_5 L1=3_65M 4905R4910","ETF",""
"26-0022491","26-0022491/25/1","00142189","08807550","4","BOIS_LE_ROI","22/07/2026","APPAREIL TENDEUR AUT.     7710","ETF",""
"26-0022493","26-0022493/10/1","00142189","08822125","2","BOIS_LE_ROI","22/07/2026","CONSOLE L=5_30M    25255R25320","ETF",""
"26-0022493","26-0022493/14/1","00142189","08822785","24","BOIS_LE_ROI","22/07/2026","CORPS DE CONSOLE 1_300M  27560","ETF",""
"26-0022493","26-0022493/15/1","00142189","08822805","1","BOIS_LE_ROI","22/07/2026","CORPS DE CONSOLE 1_300M  27670","ETF",""
"26-0022493","26-0022493/40/1","00142189","08828650","13","BOIS_LE_ROI","22/07/2026","TIGE OEIL D=24 POUR HAUB 37520","ETF",""
"26-0022493","26-0022493/41/1","00142189","08828696","8","BOIS_LE_ROI","22/07/2026","HAUBAN D=30 L=9_75M     R37538","ETF",""
"26-0022493","26-0022493/6/1","00142189","08821800","4","BOIS_LE_ROI","22/07/2026","CONSOLE DROITE L=6_80M   25700","ETF",""
"26-0022493","26-0022493/7/1","00142189","08821805","2","BOIS_LE_ROI","22/07/2026","CONSOLE DROITE L=7_50M   25710","ETF",""
"26-0022493","26-0022493/8/1","00142189","08821820","1","BOIS_LE_ROI","22/07/2026","CONSOLE DROITE L=9_70M   25740","ETF",""
"26-0022493","26-0022493/9/1","00142189","08822115","23","BOIS_LE_ROI","22/07/2026","CONSOLE  L=4_50M   25255R25300","ETF",""
"26-0022496","26-0022496/2/1","00142189","08828920","1","BOIS_LE_ROI","22/07/2026","ETRIER ANCRAGE L=2_00M  R39511","ETF",""
"26-0022496","26-0022496/26/1","00142189","78824002","2","BOIS_LE_ROI","22/07/2026","CONSOLE U-140 L=5_49M   R26790","ETF",""
"26-0022496","26-0022496/3/1","00142189","08828921","14","BOIS_LE_ROI","22/07/2026","ETRIER ANCRAGE L=2_30M  R39512","ETF",""
"26-0022496","26-0022496/4/1","00142189","08828922","4","BOIS_LE_ROI","22/07/2026","ETRIER ANCRAGE L=2_60M  R39513","ETF",""
"26-0016815","26-0016815/33/1","00142307","08805280","26","MONTEREAU","23/07/2026","EMBOUT A COSSE A SERTIR 205120","ETF","03/08/2026"
"26-0022504","26-0022504/6/1","00142307","08801866","20","THOMERY","23/07/2026","MANCHON EXTRE. F.C.150  201412","ETF","03/08/2026"
"26-0022505","26-0022505/10/1","00142383","08822050","8","THOMERY","23/07/2026","CONSOLE DROITE L=3_50M  R25240","ETF","13/08/2026"
"26-0022505","26-0022505/12/1","00142383","08822115","6","THOMERY","23/07/2026","CONSOLE  L=4_50M   25255R25300","ETF","13/08/2026"
"26-0022505","26-0022505/13/1","00142383","08822780","25","THOMERY","23/07/2026","CORPS DE CONSOLE 0_850M  27550","ETF","13/08/2026"
"26-0022505","26-0022505/30/1","00142383","08804975","9","THOMERY","23/07/2026","TUBE 49-4_5 L1=4_25M 4905R4912","ETF","13/08/2026"
"26-0022505","26-0022505/32/1","00142383","08828922","8","THOMERY","23/07/2026","ETRIER ANCRAGE L=2_60M  R39513","ETF","13/08/2026"
"26-0022505","26-0022505/33/1","00142383","08824128","6","THOMERY","23/07/2026","CORPS DE CHAISE      31155R104","ETF","13/08/2026"
"26-0022505","26-0022505/5/1","00142383","08828756","12","THOMERY","23/07/2026","HAUBAN D=36 L=9_75M     R37558","ETF","13/08/2026"
"26-0022505","26-0022505/8/1","00142383","08822040","8","THOMERY","23/07/2026","CONSOLE DROITE L=4_00M  R25220","ETF","13/08/2026"
"26-0022511","26-0022511/17/1","00142524","08822105","1","THOMERY","24/07/2026","CONSOLE L=3_70M    25255R25280","ETF","06/08/2026"
"26-0022511","26-0022511/19/1","00142524","08824173","6","THOMERY","24/07/2026","JAMBE DE FORCE     31100R31104","ETF","06/08/2026"
"26-0022511","26-0022511/28/1","00142524","08828920","3","THOMERY","24/07/2026","ETRIER ANCRAGE L=2_00M  R39511","ETF","06/08/2026"
"26-0022511","26-0022511/3/1","00142524","08804915","15","THOMERY","24/07/2026","TUBE 38-4 L=2_400M   3575R3578","ETF","06/08/2026"
"26-0022511","26-0022511/4/1","00142524","08822035","1","THOMERY","24/07/2026","CONSOLE DROITE L=3_70M  R25210","ETF","06/08/2026"
"26-0022511","26-0022511/40/1","00142524","08804979","2","THOMERY","24/07/2026","TUBE 49-4_5 L1=3_65M 4905R4910","ETF","06/08/2026"
"26-0022512","26-0022512/21/1","00142524","08828650","6","THOMERY","24/07/2026","TIGE OEIL D=24 POUR HAUB 37520","ETF","06/08/2026"
"26-0022512","26-0022512/27/1","00142524","08822785","1","THOMERY","24/07/2026","CORPS DE CONSOLE 1_300M  27560","ETF","06/08/2026"
"25-0047726","25-0047726/2/1","00142723","78824005","2","QUINCY","27/07/2026","CONSOLE U-140 L=10_04M  R26802","ETF","06/08/2026"
"26-0008637","26-0008637/47/1","00142724","78824005","1","BETZ","27/07/2026","CONSOLE U-140 L=10_04M  R26802","TSO",""
"26-0008653","26-0008653/48/1","00142724","78824005","1","GARENNE","27/07/2026","CONSOLE U-140 L=10_04M  R26802","TSO",""
"26-0007860","26-0007860/2/1","00143044","78824006","6","MONTEREAU","29/07/2026","CONSOLE U-160 L=8_19M   R26805","ETF","13/08/2026"
"26-0006521","26-0006521/24/1","00142633","08804643","2","EMBASE_VTR","28/07/2026","SERRE-TUBE(49) A 2 TETONS 3786","URAE",""
"26-0008637","26-0008637/48/1","00133651","08820258","1","BETZ","19/05/2026","POTEAU JHE280A L13_9 GAL221005","TSO",""
"26-0008653","26-0008653/47/1","00133651","08820258","1","GARENNE","19/05/2026","POTEAU JHE280A L13_9 GAL221005","TSO",""
"25-0047726","25-0047726/2/1","00142723","78824005","2","QUINCY","27/07/2026","CONSOLE U-140 L=10_04M  R26802","ETF","06/08/2026"
"26-0016825","26-0016825/24/1","00142640","08825905","5","MONTEREAU","28/07/2026","HAUBAN PR CONSOLE FEED R 32686","ETF","06/08/2026"
"26-0022491","26-0022491/7/1","00142640","08804487","54","BOIS_LE_ROI","28/07/2026","PIECE D'ATTACHE         204882","ETF","06/08/2026"
"26-0022493","26-0022493/35/1","00142640","08827210","104","BOIS_LE_ROI","28/07/2026","CRAPAUD POUR CONSOLE    232747","ETF","06/08/2026"
"26-0022684","26-0022684/20/1","00142640","01604598","25","MONTEREAU","28/07/2026","BOULON H_M14-50_ECROU H GALV","ETF","06/08/2026"
"26-0006521","26-0006521/11/1","00144810","08803951","13","EMBASE_VTR","14/08/2026","ANNEAU A EMBOUT FILETE    4389","URAE",""
"26-0022505","26-0022505/9/1","00143915","08800064","96","THOMERY","07/08/2026","CORNIERE 80X80X8  L400MM 18R45","ETF","13/08/2026"
"26-0022515","26-0022515/38/1","00143598","08804486","18","THOMERY","04/08/2026","PIECE D'ATTACHE S/TUBE  204877","ETF","06/08/2026"
"26-0022625","26-0022625/8/1","00143748","08804487","11","THOMERY","05/08/2026","PIECE D'ATTACHE         204882","ETF","06/08/2026"
"26-0004330","26-0004330/1/1","00131088","01601642","10","SAMOIS","27/04/2027","BOULON H_M18-50_2 ECROUS H GAL","HP-ELECT",""
"26-0022492","26-0022492/26/1","00144893","08800606","22","BOIS_LE_ROI","17/08/2026","ISOLATEUR CERAMI. SUPPORT  400","ETF",""
"26-0022492","26-0022492/6/1","00144893","08800054","9","BOIS_LE_ROI","17/08/2026","CORNIERE 60X60X6  L460MM 18R05","ETF",""
"26-0022496","26-0022496/23/1","00144893","78804042","24","BOIS_LE_ROI","17/08/2026","COSSE D'EXTREMITE     6603R301","ETF",""
"26-0022505","26-0022505/43/1","00144893","78804042","18","THOMERY","17/08/2026","COSSE D'EXTREMITE     6603R301","ETF",""
